"dev_os","OS Version","temp","title","cam_vert","comp_bar","Roll","pos_tech","pos_acc","Make and Model","press","Pitch","editor","Azimuth","timestamp","cam_hoz","pos_sat","id","Name","Where is the bog","Take photo","What plants can you see","Grid reference of location","Is the bog wet or dry","If other describe what is","geom"
"","5.0.2","","OBT bogs survey","","","-0.23774047551389657","","-1","MOTOROLA XT1068","","-16.196145833547973","54fad7bd-247c-464c-8a01-fb24e6577028.json","-84.55334328293237","2015-06-21T12:59:51.145Z","","","_k7kvs2sa3","ob (11)","Mountain","<img src='https://dyfi.cobwebproject.eu/1.3/pcapi/records/local/2338e388-f34e-25d9-945c-54cffd9c46c2/ob (11)/1434891560330.jpg'>","Other","Placeholder","Dry",,"-3.9974111000000287,53.115801100000084"
"","5.0.2","","OBT bogs survey","","","15.1048489438146","","-1","MOTOROLA XT1068","","-19.305164273920447","54fad7bd-247c-464c-8a01-fb24e6577028.json","-118.1662341509392","2015-06-11T13:19:36.813Z","","","_1l57gubzz","ibt","Valley","<img src='https://dyfi.cobwebproject.eu/1.3/pcapi/records/local/2338e388-f34e-25d9-945c-54cffd9c46c2/ibt/1434028733786.jpg'>","Common Rush","731115","Wet",,"-3.878160300000014,52.68662710000012"
"","5.0.2","","OBT bogs survey","","","2.061757487765464","","-1","MOTOROLA XT1068","","-7.064065092477742","54fad7bd-247c-464c-8a01-fb24e6577028.json","90.27847614712876","2015-06-01T00:39:08.165Z","","","_0qxeqizb8","obt ha (1)","Mountain","<img src='https://dyfi.cobwebproject.eu/1.3/pcapi/records/local/2338e388-f34e-25d9-945c-54cffd9c46c2/obt ha (1)/1433119095041.jpg'>","Bog cotton","Placeholder","Wet",,"-3.8261855,52.70481510000002"
"","5.0.2","","OBT bogs survey","","","-0.15238204065130015","","-1","MOTOROLA XT1068","","-29.299756180738008","54fad7bd-247c-464c-8a01-fb24e6577028.json","-1.6548011566377643","2015-05-27T12:42:24.855Z","","","_3d3whwsd7","tenzing","Mountain","<img src='https://dyfi.cobwebproject.eu/1.3/pcapi/records/local/2338e388-f34e-25d9-945c-54cffd9c46c2/tenzing/1432730506132.jpg'>","Star moss","Placeholder","Dry",,"-3.9580244000000193,52.69266600000006"
"","5.0.2","","OBT bogs survey","","","5.862503336330977","","-1","MOTOROLA XT1068","","-23.626121235336225","54fad7bd-247c-464c-8a01-fb24e6577028.json","-179.0102832774648","2015-06-18T11:40:38.577Z","","","_vebtodtwu","McArthur","Mountain","<img src='https://dyfi.cobwebproject.eu/1.3/pcapi/records/local/2338e388-f34e-25d9-945c-54cffd9c46c2/McArthur/1434627614010.jpg'>","Bog cotton","Placeholder","Dry",,"-3.997713600000019,52.58190809999982"
"","5.0.2","","OBT bogs survey","","","0.28864125968422655","","-1","MOTOROLA XT1068","","-35.86364652029572","54fad7bd-247c-464c-8a01-fb24e6577028.json","123.17124651056281","2015-06-21T11:31:33.618Z","","","_l8ct2mqte","Andy (73)","Mountain","<img src='https://dyfi.cobwebproject.eu/1.3/pcapi/records/local/2338e388-f34e-25d9-945c-54cffd9c46c2/Andy (73)/1434886285267.jpg'>","Other","Placeholder","Wet",,"-3.995063200000044,53.11870479999996"
"","4.4.2","","OBT bogs survey","","",,"","-1","SAMSUNG SM-T230","",,"54fad7bd-247c-464c-8a01-fb24e6577028.json",,"2015-06-02T14:22:30.657Z","","","_7zhgdfop0","BMS Tenzing (4)","Valley","<img src='https://dyfi.cobwebproject.eu/1.3/pcapi/records/local/2338e388-f34e-25d9-945c-54cffd9c46c2/BMS Tenzing (4)/1433254925766.jpg'>","Other","Placeholder","Dry",,"-4.07340079999999,52.601067000000185"
"","5.0.2","","OBT bogs survey","","","16.205998381425715","","-1","MOTOROLA XT1068","","-33.98301198894065","54fad7bd-247c-464c-8a01-fb24e6577028.json","83.76444277341756","2015-07-15T15:29:30.870Z","","","_z1z546cl9","Simpson (34)","Mountain","<img src='https://dyfi.cobwebproject.eu/1.3/pcapi/records/local/2338e388-f34e-25d9-945c-54cffd9c46c2/Simpson (34)/1436974123658.jpg'>","Sphagnum moss","Placeholder","Wet",,"-4.044484900000034,52.68161620000005"
"","5.0.2","","OBT bogs survey","","","1.6547511041577527","","-1","MOTOROLA XT1068","","-22.88198920073626","54fad7bd-247c-464c-8a01-fb24e6577028.json","83.81904330564264","2015-07-15T16:04:20.898Z","","","_6jhutqnm3","Simpson (28)","Mountain","<img src='https://dyfi.cobwebproject.eu/1.3/pcapi/records/local/2338e388-f34e-25d9-945c-54cffd9c46c2/Simpson (28)/1436976236866.jpg'>","Star moss","Placeholder","Wet",,"-4.0401516999999725,52.68040359999996"
"","5.0.2","","OBT bogs survey","","","-1.6135390233663651","","-1","MOTOROLA XT1068","","-64.90547768250111","54fad7bd-247c-464c-8a01-fb24e6577028.json","145.31413240347553","2015-06-21T11:36:03.382Z","","","_ocwjvn77a","Andy (68)","Mountain","<img src='https://dyfi.cobwebproject.eu/1.3/pcapi/records/local/2338e388-f34e-25d9-945c-54cffd9c46c2/Andy (68)/1434886554759.jpg'>","Other","Placeholder","Dry",,"-3.9959956999999964,53.11955039999981"
"","5.0.2","","OBT bogs survey","","","18.58559530712314","","-1","MOTOROLA XT1068","","-42.27233788643781","54fad7bd-247c-464c-8a01-fb24e6577028.json","12.765101903055973","2015-06-23T11:52:08.310Z","","","_ltgiauhsz","simpson (16)","Mountain","<img src='https://dyfi.cobwebproject.eu/1.3/pcapi/records/local/2338e388-f34e-25d9-945c-54cffd9c46c2/simpson (16)/1435060314718.jpg'>","Common Rush","Placeholder","Dry",,"-3.9373574000000064,52.616485199999744"
"","5.0.2","","OBT bogs survey","","","8.737338495725806","","-1","MOTOROLA XT1068","","-5.6677362232798325","54fad7bd-247c-464c-8a01-fb24e6577028.json","-90.06898058490613","2015-06-18T10:31:22.890Z","","","_nj5ld9kby","MacArthur (2)","Mountain","<img src='https://dyfi.cobwebproject.eu/1.3/pcapi/records/local/2338e388-f34e-25d9-945c-54cffd9c46c2/MacArthur (2)/1434623393369.jpg'>","Sphagnum moss","Placeholder","Dry",,"-3.9859203000000285,52.59401340000011"
"","4.4.2","","OBT bogs survey","","",,"","-1","SAMSUNG SM-T230","",,"54fad7bd-247c-464c-8a01-fb24e6577028.json",,"2015-06-02T13:31:03.422Z","","","_s6nata0e6","Bedford modern school","Valley","<img src='https://dyfi.cobwebproject.eu/1.3/pcapi/records/local/2338e388-f34e-25d9-945c-54cffd9c46c2/Bedford modern school/1433251645758.jpg'>","Bog cotton,Common Rush,Other","Çoasþ òf àberdouve","Wet",,"-4.090609899999999,52.60153739999978"
"","5.0.2","","OBT bogs survey","","","-1.7322072636146957","","-1","MOTOROLA XT1068","","-18.0799786009819","54fad7bd-247c-464c-8a01-fb24e6577028.json","-66.56045300896272","2015-06-18T11:56:18.324Z","","","_yzi1wzh4y","MacArthur","Valley","<img src='https://dyfi.cobwebproject.eu/1.3/pcapi/records/local/2338e388-f34e-25d9-945c-54cffd9c46c2/MacArthur/1434628549018.jpg'>","Other","Placeholder","Dry",,"-3.9978263000000287,52.58170320000005"
"","4.4.4","","OBT bogs survey","","","4.243202514791177","","-1","MOTOROLA XT1068","","-44.64279260393117","54fad7bd-247c-464c-8a01-fb24e6577028.json","98.39790450411644","2015-05-07T08:46:21.116Z","","","_4buj1sw6k","noa (2)","Mountain","<img src='https://dyfi.cobwebproject.eu/1.3/pcapi/records/local/2338e388-f34e-25d9-945c-54cffd9c46c2/noa (2)/1430988375474.jpg'>","Sphagnum moss","793133","Wet","Na","-3.787076180000036,52.70450516999991"
"","5.0.2","","OBT bogs survey","","","16.336041768128176","","-1","MOTOROLA XT1068","","-43.819782129701316","54fad7bd-247c-464c-8a01-fb24e6577028.json","-110.26739358338625","2015-07-18T14:13:46.895Z","","","_hj82grky9","obt isla (1)","Valley","<img src='https://dyfi.cobwebproject.eu/1.3/pcapi/records/local/2338e388-f34e-25d9-945c-54cffd9c46c2/obt isla (1)/1437228810912.jpg'>","Bog cotton","Placeholder","Wet",,"-2.421975999999996,53.82556399999991"
"","5.0.2","","OBT bogs survey","","","2.222303218640729","","-1","MOTOROLA XT1068","","-47.11786532894162","54fad7bd-247c-464c-8a01-fb24e6577028.json","168.9509036112751","2015-06-21T11:36:52.010Z","","","_at6koeu94","Andy (67)","Mountain","<img src='https://dyfi.cobwebproject.eu/1.3/pcapi/records/local/2338e388-f34e-25d9-945c-54cffd9c46c2/Andy (67)/1434886601463.jpg'>","Other","Placeholder","Dry",,"-3.9956800000000032,53.119220200000164"
"","4.4.4","","OBT bogs survey","","","-0.112786820382928","","-1","MOTOROLA XT1068","","-7.180521525373752","54fad7bd-247c-464c-8a01-fb24e6577028.json","-23.615691536473616","2015-05-17T10:50:34.819Z","","","_a4l9bvo0j","churchill (1)","Mountain","<img src='https://dyfi.cobwebproject.eu/1.3/pcapi/records/local/2338e388-f34e-25d9-945c-54cffd9c46c2/churchill (1)/1431859813753.jpg'>","Sphagnum moss,Common Rush","Placeholder","Wet",,"-3.9126696500000007,52.69860542000002"
"","5.0.2","","OBT bogs survey","","","2.681683172638981","","-1","MOTOROLA XT1068","","-28.28255147557364","54fad7bd-247c-464c-8a01-fb24e6577028.json","64.21448793473844","2015-06-23T12:27:14.345Z","","","_rs3xx3fvv","Simpson wrote","Mountain","<img src='https://dyfi.cobwebproject.eu/1.3/pcapi/records/local/2338e388-f34e-25d9-945c-54cffd9c46c2/Simpson wrote/1435062414139.jpg'>","Bog cotton","Placeholder","Dry",,"-3.9276852000000337,52.6186122000002"
"","5.0.2","","OBT bogs survey","","","2.3652204447116034","","-1","MOTOROLA XT1068","","-26.645028989988717","54fad7bd-247c-464c-8a01-fb24e6577028.json","23.55758370210973","2015-06-23T11:44:10.015Z","","","_ukd169752","Simpso","Mountain","<img src='https://dyfi.cobwebproject.eu/1.3/pcapi/records/local/2338e388-f34e-25d9-945c-54cffd9c46c2/Simpso/1435057098693.jpg'>","Bog cotton","Placeholder","Dry",,"-3.9475366,52.619304099999994"
"","4.4.4","","OBT bogs survey","","","13.163231922228723","","-1","MOTOROLA XT1068","","-29.483331175060442","54fad7bd-247c-464c-8a01-fb24e6577028.json","8.570116681823677","2015-05-07T09:54:18.675Z","","","_z3s3gpr6a","noa hillary (1)","Mountain","<img src='https://dyfi.cobwebproject.eu/1.3/pcapi/records/local/2338e388-f34e-25d9-945c-54cffd9c46c2/noa hillary (1)/1430992408406.jpg'>","Star moss","798 146","Wet","Na","-3.7799272899999834,52.71621015000015"
"","5.0.2","","OBT bogs survey","","","6.745579774782395","","-1","MOTOROLA XT1068","","-78.98261367511329","54fad7bd-247c-464c-8a01-fb24e6577028.json","122.914458718527","2015-06-01T03:03:05.740Z","","","_pj4xsn9a4","obt ha","Mountain","<img src='https://dyfi.cobwebproject.eu/1.3/pcapi/records/local/2338e388-f34e-25d9-945c-54cffd9c46c2/obt ha/1433127771419.jpg'>","Bog cotton","Placeholder","Wet",,"-3.7993493000000225,52.71697090000009"
"","5.0.2","","OBT bogs survey","","","6.409439698743034","","-1","MOTOROLA XT1068","","-20.520760361264294","54fad7bd-247c-464c-8a01-fb24e6577028.json","-40.81936540467934","2015-05-30T10:09:50.997Z","","","_qlhssk3xx","obt (15)","Valley","<img src='https://dyfi.cobwebproject.eu/1.3/pcapi/records/local/2338e388-f34e-25d9-945c-54cffd9c46c2/obt (15)/1432980551931.jpg'>","Common Rush","680964","Wet",,"-3.9468946,52.54933510000001"
"","4.4.2","","OBT bogs survey","","",,"","-1","SAMSUNG SM-T230","",,"54fad7bd-247c-464c-8a01-fb24e6577028.json",,"2015-05-27T12:57:04.967Z","","","_vk9c3qesr","Ob Peebles bonnington ",,"<img src='https://dyfi.cobwebproject.eu/1.3/pcapi/records/local/2338e388-f34e-25d9-945c-54cffd9c46c2/Ob Peebles bonnington /1432731373207.jpg'>","Other","673096","Dry",,"-3.9382526,52.703774199999984"
"","4.4.2","","OBT bogs survey","","",,"","-1","SAMSUNG SM-T230","",,"54fad7bd-247c-464c-8a01-fb24e6577028.json",,"2015-06-16T12:55:26.164Z","","","_oxdz3s2sw","hillary (2)","Valley","<img src='https://dyfi.cobwebproject.eu/1.3/pcapi/records/local/2338e388-f34e-25d9-945c-54cffd9c46c2/hillary (2)/1434459228357.jpg'>","Common Rush","Placeholder","Dry",,"-3.9738034,52.7153011"
"","5.0.2","","OBT bogs survey","","","-3.8047082120577667","","-1","MOTOROLA XT1068","","-39.632223885417766","54fad7bd-247c-464c-8a01-fb24e6577028.json","-52.4054084635828","2015-06-23T12:00:20.951Z","","","_tk498q8yj","simpson (15)","Mountain","<img src='https://dyfi.cobwebproject.eu/1.3/pcapi/records/local/2338e388-f34e-25d9-945c-54cffd9c46c2/simpson (15)/1435060786129.jpg'>","Star moss","Placeholder","Dry",,"-3.9332799999999946,52.61696240000006"
"","5.0.2","","OBT bogs survey","","","1.5622248793491171","","-1","MOTOROLA XT1068","","-29.2000866452746","54fad7bd-247c-464c-8a01-fb24e6577028.json","170.81564087733696","2015-06-21T11:50:00.686Z","","","_dei2y1ud9","kate","Mountain","<img src='https://dyfi.cobwebproject.eu/1.3/pcapi/records/local/2338e388-f34e-25d9-945c-54cffd9c46c2/kate/1434887376588.jpg'>","Other","Bilberry","Dry",,"-3.9955519000000295,53.119038399999866"
"","5.0.2","","OBT bogs survey","","","11.249873954560126","","-1","MOTOROLA XT1068","","-40.800705327866865","54fad7bd-247c-464c-8a01-fb24e6577028.json","123.50333030800883","2015-06-21T11:29:05.214Z","","","_r9qsp8jsc","Andy (75)","Mountain","<img src='https://dyfi.cobwebproject.eu/1.3/pcapi/records/local/2338e388-f34e-25d9-945c-54cffd9c46c2/Andy (75)/1434886134944.jpg'>","Other","Placeholder","Dry",,"-3.995831099999993,53.12005149999981"
"","5.0.2","","OBT bogs survey","","","15.900475482114583","","-1","MOTOROLA XT1068","","-45.37306618470518","54fad7bd-247c-464c-8a01-fb24e6577028.json","156.93154652123684","2015-06-23T18:29:17.088Z","","","_rxn1atyvq","simpson (11)","Mountain","<img src='https://dyfi.cobwebproject.eu/1.3/pcapi/records/local/2338e388-f34e-25d9-945c-54cffd9c46c2/simpson (11)/1435084129593.jpg'>","Other","Placeholder","Dry",,"-3.888244210493406,52.620861962905096"
"","5.0.2","","OBT bogs survey","","","-10.147818663110337","","-1","MOTOROLA XT1068","","-4.81659177297187","54fad7bd-247c-464c-8a01-fb24e6577028.json","62.42540867411281","2015-06-21T13:01:34.079Z","","","_bqujtxtns","ob (9)","Mountain","<img src='https://dyfi.cobwebproject.eu/1.3/pcapi/records/local/2338e388-f34e-25d9-945c-54cffd9c46c2/ob (9)/1434891682009.jpg'>","Sphagnum moss","Placeholder","Dry",,"-3.99743500000002,53.11577120000013"
"","5.0.2","","OBT bogs survey","","","-0.5405101682592796","","-1","MOTOROLA XT1068","","-33.344501999665766","54fad7bd-247c-464c-8a01-fb24e6577028.json","-0.6213306227692769","2015-05-21T16:59:33.031Z","","","_ixo3blp9y","obt test (5)","Mountain","<img src='https://dyfi.cobwebproject.eu/1.3/pcapi/records/local/2338e388-f34e-25d9-945c-54cffd9c46c2/obt test (5)/1432227491375.jpg'>","Other","628963","Dry","Placeholder","-4.022785900000005,52.547956199999916"
"","5.0.2","","OBT bogs survey","","","4.909061862163265","","-1","MOTOROLA XT1068","","-13.297755913026709","54fad7bd-247c-464c-8a01-fb24e6577028.json","-15.73553495139524","2015-06-21T12:19:32.411Z","","","_78irb53dw","CC","Mountain","<img src='https://dyfi.cobwebproject.eu/1.3/pcapi/records/local/2338e388-f34e-25d9-945c-54cffd9c46c2/CC/1434889133754.jpg'>","Sphagnum moss","","Dry",,"-3.995563499999983,53.118578999999734"
"","5.0.2","","OBT bogs survey","","","5.467573687671201","","-1","MOTOROLA XT1068","","-19.853133275557642","54fad7bd-247c-464c-8a01-fb24e6577028.json","-10.755007112398838","2015-06-01T02:28:05.978Z","","","_g3shuoaag","ibt (3)","Mountain","<img src='https://dyfi.cobwebproject.eu/1.3/pcapi/records/local/2338e388-f34e-25d9-945c-54cffd9c46c2/ibt (3)/1433125675301.jpg'>","Bog cotton","Placeholder","Wet",,"-3.826392900000045,52.70481509999974"
"","4.4.2","","OBT bogs survey","","",,"","-1","SAMSUNG SM-T230","",,"54fad7bd-247c-464c-8a01-fb24e6577028.json",,"2015-07-08T12:39:38.144Z","","","_djse03i3p","obt (57)","Valley","<img src='https://dyfi.cobwebproject.eu/1.3/pcapi/records/local/2338e388-f34e-25d9-945c-54cffd9c46c2/obt (57)/1436359136355.jpg'>","Sphagnum moss","Placeholder","Dry",,"-4.02370960000001,52.54759670000001"
"","5.0.2","","OBT bogs survey","","","7.685058207852486","","-1","MOTOROLA XT1068","","-32.7155064639047","54fad7bd-247c-464c-8a01-fb24e6577028.json","-51.86207716039204","2015-05-30T10:01:34.909Z","","","_ctmb1c468","obt (17)","Valley","<img src='https://dyfi.cobwebproject.eu/1.3/pcapi/records/local/2338e388-f34e-25d9-945c-54cffd9c46c2/obt (17)/1432980070205.jpg'>","Common Rush","683963","Wet",,"-3.9458300000000315,52.54936510000011"
"","5.0.2","","OBT bogs survey","","","4.993743828153552","","-1","MOTOROLA XT1068","","-33.235635614484934","54fad7bd-247c-464c-8a01-fb24e6577028.json","178.45634127539844","2015-06-21T11:41:25.659Z","","","_ug77rmu1s","obt (50)","Mountain","<img src='https://dyfi.cobwebproject.eu/1.3/pcapi/records/local/2338e388-f34e-25d9-945c-54cffd9c46c2/obt (50)/1434886876598.jpg'>","Other","Placeholder","Wet",,"-3.9960914999999755,53.119398600000075"
"","5.0.2","","OBT bogs survey","","","7.678963117791896","","-1","MOTOROLA XT1068","","-25.5857212912331","54fad7bd-247c-464c-8a01-fb24e6577028.json","-117.50606904690079","2015-06-11T13:32:56.903Z","","","_44gnbrsoz","obt (34)","Valley","<img src='https://dyfi.cobwebproject.eu/1.3/pcapi/records/local/2338e388-f34e-25d9-945c-54cffd9c46c2/obt (34)/1434029544592.jpg'>","Common Rush","731115","Dry",,"-3.8800931999999664,52.68737180000002"
"","5.0.2","","OBT bogs survey","","","1.6326917275727273","","-1","MOTOROLA XT1068","","-32.46945914433875","54fad7bd-247c-464c-8a01-fb24e6577028.json","4.196702160034907","2015-06-21T13:09:27.806Z","","","_rcmgie1yn","ob","Mountain","<img src='https://dyfi.cobwebproject.eu/1.3/pcapi/records/local/2338e388-f34e-25d9-945c-54cffd9c46c2/ob/1434892146890.jpg'>","Star moss,Sphagnum moss","Placeholder","Wet",,"-3.9974387000000453,53.1157861000001"
"","5.0.2","","OBT bogs survey","","","-10.858349582088424","","-1","MOTOROLA XT1068","","-25.512032087825126","54fad7bd-247c-464c-8a01-fb24e6577028.json","-122.97713253435104","2015-06-18T10:19:55.364Z","","","_d0v3girho","MacArthur (3)","Mountain","<img src='https://dyfi.cobwebproject.eu/1.3/pcapi/records/local/2338e388-f34e-25d9-945c-54cffd9c46c2/MacArthur (3)/1434622777128.jpg'>","Sphagnum moss","Placeholder","Dry",,"-3.985354099999983,52.59748620000018"
"","4.4.2","","OBT bogs survey","","",,"","-1","SAMSUNG SM-T230","",,"54fad7bd-247c-464c-8a01-fb24e6577028.json",,"2015-07-08T17:49:28.726Z","","","_6kk62svur","st Chris bonnington (7)","Valley","<img src='https://dyfi.cobwebproject.eu/1.3/pcapi/records/local/2338e388-f34e-25d9-945c-54cffd9c46c2/st Chris bonnington (7)/1436377558757.jpg'>","Common Rush,Other","Placeholder","Dry",,"-2.421976,53.825563999999986"
"","5.0.2","","OBT bogs survey","","","12.249122946170175","","-1","MOTOROLA XT1068","","-22.888614484231173","54fad7bd-247c-464c-8a01-fb24e6577028.json","-103.6468229190012","2015-06-11T13:21:26.898Z","","","_yiv5of16e","obt (39)","Valley","<img src='https://dyfi.cobwebproject.eu/1.3/pcapi/records/local/2338e388-f34e-25d9-945c-54cffd9c46c2/obt (39)/1434028852813.jpg'>","Sphagnum moss,Common Rush","731115Placeholder","Wet",,"-3.878160300000014,52.68662710000012"
"","4.4.4","","OBT bogs survey","","","-13.112712428032724","","-1","MOTOROLA XT1068","","-14.763651966468492","54fad7bd-247c-464c-8a01-fb24e6577028.json","42.53169041450695","2015-05-07T08:44:30.491Z","","","_nqxxbcs4q","noa hillary","Mountain","<img src='https://dyfi.cobwebproject.eu/1.3/pcapi/records/local/2338e388-f34e-25d9-945c-54cffd9c46c2/noa hillary/1430987921799.jpg'>","Bog cotton","73133","Wet","Nothing else","-3.78704024,52.70459056"
"","5.0.2","","OBT bogs survey","","","7.441404869590621","","-1","MOTOROLA XT1068","","-6.121702612030614","54fad7bd-247c-464c-8a01-fb24e6577028.json","54.91374079475662","2015-06-01T05:43:17.399Z","","","_thqbmydzy","obt (78)","Valley","<img src='https://dyfi.cobwebproject.eu/1.3/pcapi/records/local/2338e388-f34e-25d9-945c-54cffd9c46c2/obt (78)/1433137380597.jpg'>","Common Rush","Placeholder","Dry",,"-3.787818800000029,52.6998234000002"
"","5.0.2","","OBT bogs survey","","","8.453419484759424","","-1","MOTOROLA XT1068","","-13.691080894118356","54fad7bd-247c-464c-8a01-fb24e6577028.json","114.65740204976358","2015-06-23T11:45:35.981Z","","","_9zee1qloe","Simpson (18)","Mountain","<img src='https://dyfi.cobwebproject.eu/1.3/pcapi/records/local/2338e388-f34e-25d9-945c-54cffd9c46c2/Simpson (18)/1435059923653.jpg'>","Bog cotton","Placeholder","Dry",,"-3.9401311999999966,52.616683299999835"
"","5.0.2","","OBT bogs survey","","","24.283870159955743","","-1","MOTOROLA XT1068","","-47.129766933570366","54fad7bd-247c-464c-8a01-fb24e6577028.json","-57.875765026453955","2015-07-08T10:57:50.304Z","","","_tw1lx65a0","tenzing (6)","Mountain","<img src='https://dyfi.cobwebproject.eu/1.3/pcapi/records/local/2338e388-f34e-25d9-945c-54cffd9c46c2/tenzing (6)/1436353058036.jpg'>","Star moss","Placeholder","Wet",,"-3.8890461,52.6939503"
"","5.0.2","","OBT bogs survey","","","28.586416346463754","","-1","MOTOROLA XT1068","","-39.18002096613331","54fad7bd-247c-464c-8a01-fb24e6577028.json","130.63720334889868","2015-06-30T11:12:55.279Z","","","_4qzvjxjtn","Knox Johnson","Mountain","<img src='https://dyfi.cobwebproject.eu/1.3/pcapi/records/local/2338e388-f34e-25d9-945c-54cffd9c46c2/Knox Johnson/1435662701211.jpg'>","Star moss","653 042","Dry",,"-3.9905678,52.619481900000004"
"","5.0.2","","OBT bogs survey","","","23.03683129676774","","-1","MOTOROLA XT1068","","-28.06792644128433","54fad7bd-247c-464c-8a01-fb24e6577028.json","68.14505689640568","2015-06-23T11:49:18.222Z","","","_4h1ijbazc","simpson (17)","Mountain","<img src='https://dyfi.cobwebproject.eu/1.3/pcapi/records/local/2338e388-f34e-25d9-945c-54cffd9c46c2/simpson (17)/1435060135908.jpg'>","Bog cotton","Placeholder","Dry",,"-3.9373574000000064,52.616485199999744"
"","5.0.2","","OBT bogs survey","","","-4.83830622500381","","-1","MOTOROLA XT1068","","-18.03562506005913","54fad7bd-247c-464c-8a01-fb24e6577028.json","40.22780613575912","2015-07-22T18:21:32.472Z","","","_c09a2jraq","obt (70)","Mountain","<img src='https://dyfi.cobwebproject.eu/1.3/pcapi/records/local/2338e388-f34e-25d9-945c-54cffd9c46c2/obt (70)/1437589269457.jpg'>","Star moss","Placeholder","Wet",,"-2.4219759999999746,53.825563999999986"
"","4.4.2","","OBT bogs survey","","",,"","-1","SAMSUNG SM-T230","",,"54fad7bd-247c-464c-8a01-fb24e6577028.json",,"2015-06-16T12:21:39.173Z","","","_27lf7go54","Hillary (1)","Valley","<img src='https://dyfi.cobwebproject.eu/1.3/pcapi/records/local/2338e388-f34e-25d9-945c-54cffd9c46c2/Hillary (1)/1434457223236.jpg'>","Bog cotton","Placeholder","Wet",,"-3.9809101999999994,52.71260070000001"
"","5.0.2","","OBT bogs survey","","","-9.586823636952278","","-1","MOTOROLA XT1068","","-40.75438981510501","54fad7bd-247c-464c-8a01-fb24e6577028.json","95.17963548042232","2015-06-13T14:15:26.575Z","","","_wur8daugx","scott (5)","Valley","<img src='https://dyfi.cobwebproject.eu/1.3/pcapi/records/local/2338e388-f34e-25d9-945c-54cffd9c46c2/scott (5)/1434204883616.jpg'>","Sphagnum moss","Placeholder","Wet",,"-2.421975999999996,53.82556399999991"
"","5.0.2","","OBT bogs survey","","","3.1929426822517106","","-1","MOTOROLA XT1068","","-9.486232025950915","54fad7bd-247c-464c-8a01-fb24e6577028.json","-63.524263168162804","2015-07-08T15:08:18.018Z","","","_l52gaj1gy","St Christopher's TENZING","Mountain","<img src='https://dyfi.cobwebproject.eu/1.3/pcapi/records/local/2338e388-f34e-25d9-945c-54cffd9c46c2/St Christopher's TENZING/1436368077021.jpg'>","Sphagnum moss","Placeholder","Wet",,"-3.912069900000013,52.69723080000021"
"","5.0.2","","OBT bogs survey","","","40.341747351493275","","-1","MOTOROLA XT1068","","-67.65465614418792","54fad7bd-247c-464c-8a01-fb24e6577028.json","59.58117446974693","2015-05-21T17:00:27.179Z","","","_p689r85g4","OBT Test (2)","Valley","<img src='https://dyfi.cobwebproject.eu/1.3/pcapi/records/local/2338e388-f34e-25d9-945c-54cffd9c46c2/OBT Test (2)/1432227612982.jpg'>",,"Dyfi","Dry","Grass","-4.022671499999992,52.547772200000125"
"","4.4.4","","OBT bogs survey","","","11.396437861317551","","-1","MOTOROLA XT1068","","-40.001463911948655","54fad7bd-247c-464c-8a01-fb24e6577028.json","5.344430072690924","2015-05-21T16:58:08.045Z","","","_pfdnq6bsq","on test","Valley","<img src='https://dyfi.cobwebproject.eu/1.3/pcapi/records/local/2338e388-f34e-25d9-945c-54cffd9c46c2/on test/1432227450998.jpg'>","Sphagnum moss","On abedovey","Wet","Placeholder","-3.9876693000000256,52.53005160000007"
"","5.0.2","","OBT bogs survey","","","-63.53511633875395","","-1","MOTOROLA XT1068","","-0.11199028959161493","54fad7bd-247c-464c-8a01-fb24e6577028.json","43.9306190244577","2015-06-21T11:34:12.938Z","","","_sdh81hen9","Andy (70)","Mountain","<img src='https://dyfi.cobwebproject.eu/1.3/pcapi/records/local/2338e388-f34e-25d9-945c-54cffd9c46c2/Andy (70)/1434886444865.jpg'>","Sphagnum moss","Placeholder","Wet",,"-3.996097900000004,53.119763700000256"
"","5.0.2","","OBT bogs survey","","","6.090108291364251","","-1","MOTOROLA XT1068","","-21.977386994228723","54fad7bd-247c-464c-8a01-fb24e6577028.json","34.0336578416363","2015-06-21T13:02:12.088Z","","","_osmlclu1k","ob (8)","Mountain","<img src='https://dyfi.cobwebproject.eu/1.3/pcapi/records/local/2338e388-f34e-25d9-945c-54cffd9c46c2/ob (8)/1434891716837.jpg'>","Sphagnum moss","Placeholder","Dry",,"-3.9974254000000156,53.11576730000007"
"","5.0.2","","OBT bogs survey","","","-3.1363584069595634","","-1","MOTOROLA XT1068","","-12.558046425914327","54fad7bd-247c-464c-8a01-fb24e6577028.json","125.10462717778329","2015-06-21T13:00:45.204Z","","","_mg4wo070x","ob (10)","Mountain","<img src='https://dyfi.cobwebproject.eu/1.3/pcapi/records/local/2338e388-f34e-25d9-945c-54cffd9c46c2/ob (10)/1434891626165.jpg'>","Sphagnum moss","Placeholder","Dry",,"-3.9974763000000255,53.11575000000025"
"","4.4.2","","OBT bogs survey","","",,"","-1","SAMSUNG SM-T230","",,"54fad7bd-247c-464c-8a01-fb24e6577028.json",,"2015-07-08T12:44:55.608Z","","","_umv6lwj2p","obt (56)","Valley","<img src='https://dyfi.cobwebproject.eu/1.3/pcapi/records/local/2338e388-f34e-25d9-945c-54cffd9c46c2/obt (56)/1436359452445.jpg'>","Star moss","Placeholder","Wet",,"-4.02370960000001,52.54759670000001"
"","5.0.2","","OBT bogs survey","","","1.2293344792508012","","-1","MOTOROLA XT1068","","-22.70241498972016","54fad7bd-247c-464c-8a01-fb24e6577028.json","89.43150536929049","2015-06-21T11:40:04.035Z","","","_1vy37ca67","ste h","Mountain","<img src='https://dyfi.cobwebproject.eu/1.3/pcapi/records/local/2338e388-f34e-25d9-945c-54cffd9c46c2/ste h/1434886766015.jpg'>","Other","Placeholder","Dry",,"-3.9952261000000093,53.120087500000096"
"","5.0.2","","OBT bogs survey","","","4.034927848882686","","-1","MOTOROLA XT1068","","-19.277454196457704","54fad7bd-247c-464c-8a01-fb24e6577028.json","-47.26706739626596","2015-06-24T08:11:59.448Z","","","_noofznad4","obt (77)","Valley","<img src='https://dyfi.cobwebproject.eu/1.3/pcapi/records/local/2338e388-f34e-25d9-945c-54cffd9c46c2/obt (77)/1435133499722.jpg'>","Common Rush","Placeholder","Dry",,"-3.7829448,52.7010079"
"","5.0.2","","OBT bogs survey","","","-0.429173842600267","","-1","MOTOROLA XT1068","","-16.38329643190091","54fad7bd-247c-464c-8a01-fb24e6577028.json","118.604691314519","2015-06-18T10:04:28.071Z","","","_go56zi4vo","McArthur (5)","Mountain","<img src='https://dyfi.cobwebproject.eu/1.3/pcapi/records/local/2338e388-f34e-25d9-945c-54cffd9c46c2/McArthur (5)/1434621760062.jpg'>","Star moss","Placeholder","Dry",,"-3.9827540999999913,52.59980239999986"
"","5.0.2","","OBT bogs survey","","","17.233641323189154","","-1","MOTOROLA XT1068","","-37.77056703467158","54fad7bd-247c-464c-8a01-fb24e6577028.json","-36.61241966843671","2015-07-09T12:31:27.698Z","","","_a9tajyd5y","the St Chris Simpsons (1)","Mountain","<img src='https://dyfi.cobwebproject.eu/1.3/pcapi/records/local/2338e388-f34e-25d9-945c-54cffd9c46c2/the St Chris Simpsons (1)/1436445027166.jpg'>","Star moss,Sphagnum moss","Placeholder","Dry",,"-4.0460573,52.730364699999996"
"","5.0.2","","OBT bogs survey","","","37.89451789263438","","-1","MOTOROLA XT1068","","-60.24568357409747","54fad7bd-247c-464c-8a01-fb24e6577028.json","61.90578154243658","2015-05-21T16:59:35.657Z","","","_4nz3coksz","OBT Test (3)","Valley","<img src='https://dyfi.cobwebproject.eu/1.3/pcapi/records/local/2338e388-f34e-25d9-945c-54cffd9c46c2/OBT Test (3)/1432227562056.jpg'>",,"Dyfi","Dry","Butter cup","-4.0048983000000185,52.50731269999989"
"","5.0.2","","OBT bogs survey","","","16.007403801118425","","-1","MOTOROLA XT1068","","-2.706551677963586","54fad7bd-247c-464c-8a01-fb24e6577028.json","145.5942248009594","2015-06-11T13:44:30.441Z","","","_z6vp5mlj5","obt (29)","Valley","<img src='https://dyfi.cobwebproject.eu/1.3/pcapi/records/local/2338e388-f34e-25d9-945c-54cffd9c46c2/obt (29)/1434030261472.jpg'>","Star moss,Sphagnum moss,Common Rush","730115","Wet",,"-3.8798987999999848,52.68623329999991"
"","5.0.2","","OBT bogs survey","","","-5.463843123723904","","-1","MOTOROLA XT1068","","-25.45855512171851","54fad7bd-247c-464c-8a01-fb24e6577028.json","73.60274687346104","2015-06-21T13:04:33.360Z","","","_fbtw5kwpv","ob (6)","Mountain","<img src='https://dyfi.cobwebproject.eu/1.3/pcapi/records/local/2338e388-f34e-25d9-945c-54cffd9c46c2/ob (6)/1434891854176.jpg'>","Other","Placeholder","Dry",,"-3.9974525999999972,53.11575929999979"
"","5.0.2","","OBT bogs survey","","","0.7777229582989398","","-1","MOTOROLA XT1068","","-23.803993021701697","54fad7bd-247c-464c-8a01-fb24e6577028.json","66.63759316544885","2015-07-08T13:21:43.619Z","","","_csxgz9yrq","tenzing (5)","Mountain","<img src='https://dyfi.cobwebproject.eu/1.3/pcapi/records/local/2338e388-f34e-25d9-945c-54cffd9c46c2/tenzing (5)/1436361680372.jpg'>","Star moss","Placeholder","Dry",,"-3.8991405000000117,52.69214059999977"
"","5.0.2","","OBT bogs survey","","","-4.792034254697913","","-1","MOTOROLA XT1068","","-69.2355922200466","54fad7bd-247c-464c-8a01-fb24e6577028.json","158.4110337973533","2015-06-21T11:32:13.067Z","","","_jmlywbw2a","Andy (72)","Mountain","<img src='https://dyfi.cobwebproject.eu/1.3/pcapi/records/local/2338e388-f34e-25d9-945c-54cffd9c46c2/Andy (72)/1434886323992.jpg'>","Other","Placeholder","Dry",,"-3.995297900000008,53.11883029999974"
"","5.0.2","","OBT bogs survey","","","17.114102767430175","","-1","MOTOROLA XT1068","","-36.39165429408355","54fad7bd-247c-464c-8a01-fb24e6577028.json","-99.14375433129266","2015-06-23T18:32:48.501Z","","","_6ydxe4pv3","Simpson (6)","Mountain","<img src='https://dyfi.cobwebproject.eu/1.3/pcapi/records/local/2338e388-f34e-25d9-945c-54cffd9c46c2/Simpson (6)/1435084340575.jpg'>","Other","Placeholder","Dry",,"-3.8892350000000273,52.63261270000017"
"","5.0.2","","OBT bogs survey","","","-2.5637702019024657","","-1","MOTOROLA XT1068","","-26.74685515768256","54fad7bd-247c-464c-8a01-fb24e6577028.json","-78.98578288288817","2015-07-22T18:14:45.017Z","","","_r0yt44xsi","obt (62)","Mountain","<img src='https://dyfi.cobwebproject.eu/1.3/pcapi/records/local/2338e388-f34e-25d9-945c-54cffd9c46c2/obt (62)/1437588838985.jpg'>","Star moss","Placeholder","Wet",,"-2.421975999999983,53.82556400000017"
"","5.0.2","","OBT bogs survey","","","-1.5635164254324843","","-1","MOTOROLA XT1068","","-37.10903589279916","54fad7bd-247c-464c-8a01-fb24e6577028.json","103.91839807059007","2015-06-21T11:38:32.046Z","","","_b1f15ybg6","ob (12)","Mountain","<img src='https://dyfi.cobwebproject.eu/1.3/pcapi/records/local/2338e388-f34e-25d9-945c-54cffd9c46c2/ob (12)/1434886677106.jpg'>","Other","Placeholder","Dry",,"-3.9958552999999792,53.11937859999978"
"","5.0.2","","OBT bogs survey","","","3.066485358306921","","-1","MOTOROLA XT1068","","-5.545069440880988","54fad7bd-247c-464c-8a01-fb24e6577028.json","-168.06851147240113","2015-06-18T10:02:08.919Z","","","_6vey3eebp","MacArthur (6)","Mountain","<img src='https://dyfi.cobwebproject.eu/1.3/pcapi/records/local/2338e388-f34e-25d9-945c-54cffd9c46c2/MacArthur (6)/1434621713528.jpg'>","Sphagnum moss","Placeholder","Dry",,"-2.421975999999996,53.82556399999991"
"","4.4.2","","OBT bogs survey","","",,"","-1","SAMSUNG SM-T230","",,"54fad7bd-247c-464c-8a01-fb24e6577028.json",,"2015-05-21T16:59:19.014Z","","","_dzlv2kmul","tim","Valley","<img src='https://dyfi.cobwebproject.eu/1.3/pcapi/records/local/2338e388-f34e-25d9-945c-54cffd9c46c2/tim/1432227487753.jpg'>","Sphagnum moss,Other","ABERDOVEY","Wet","Placeholder","-2.421976000000024,53.82556399999994"
"","5.0.2","","OBT bogs survey","","","-1.9339279361277366","","-1","MOTOROLA XT1068","","-38.37065037967597","54fad7bd-247c-464c-8a01-fb24e6577028.json","156.4622578837436","2015-06-21T13:06:11.755Z","","","_wqcor5ip6","ob (4)","Mountain","<img src='https://dyfi.cobwebproject.eu/1.3/pcapi/records/local/2338e388-f34e-25d9-945c-54cffd9c46c2/ob (4)/1434891963376.jpg'>","Star moss","Placeholder","Dry",,"-3.9974407000000016,53.11572179999988"
"","4.4.4","","OBT bogs survey","","","11.9939581778359","","-1","MOTOROLA XT1068","","-24.189727955078165","54fad7bd-247c-464c-8a01-fb24e6577028.json","126.80744797938083","2015-05-17T11:21:29.617Z","","","_8nlusqhx5","chirtchil","Valley","<img src='https://dyfi.cobwebproject.eu/1.3/pcapi/records/local/2338e388-f34e-25d9-945c-54cffd9c46c2/chirtchil/1431861654981.jpg'>",,"Placeholder",,,"-3.967448129999975,52.698513310000145"
"","5.0.2","","OBT bogs survey","","","13.284867346062894","","-1","MOTOROLA XT1068","","-30.646942692631324","54fad7bd-247c-464c-8a01-fb24e6577028.json","-159.4112193786533","2015-07-18T14:14:50.031Z","","","_ke5xjq4gt","obt isla","Valley","<img src='https://dyfi.cobwebproject.eu/1.3/pcapi/records/local/2338e388-f34e-25d9-945c-54cffd9c46c2/obt isla/1437228876470.jpg'>","Sphagnum moss","Placeholder","Wet",,"-2.4219759999999915,53.825563999999815"
"","5.0.2","","OBT bogs survey","","","0.32615844825847523","","-1","MOTOROLA XT1068","","-12.205891263818579","54fad7bd-247c-464c-8a01-fb24e6577028.json","-53.813878847804055","2015-06-23T11:28:53.943Z","","","_yq33mejbc","ivy ha","Valley","<img src='https://dyfi.cobwebproject.eu/1.3/pcapi/records/local/2338e388-f34e-25d9-945c-54cffd9c46c2/ivy ha/1435058858113.jpg'>","Bog cotton","Xx","Wet",,"-2.421976,53.82556399999999"
"","5.0.2","","OBT bogs survey","","","-0.5918775130468596","","-1","MOTOROLA XT1068","","-20.086606216861604","54fad7bd-247c-464c-8a01-fb24e6577028.json","-179.00662229606968","2015-07-08T15:25:02.174Z","","","_o1vowhpyb","tenzing (8)","Mountain","<img src='https://dyfi.cobwebproject.eu/1.3/pcapi/records/local/2338e388-f34e-25d9-945c-54cffd9c46c2/tenzing (8)/1436369078714.jpg'>","Star moss,Other","Placeholder","Wet",,"-3.9098214000000366,52.7042388000002"
"","5.0.2","","OBT bogs survey","","","11.684000778206135","","-1","MOTOROLA XT1068","","-43.241951541012824","54fad7bd-247c-464c-8a01-fb24e6577028.json","96.18368694879253","2015-06-11T13:46:04.592Z","","","_bi9ldnal8","obt (28)","Valley","<img src='https://dyfi.cobwebproject.eu/1.3/pcapi/records/local/2338e388-f34e-25d9-945c-54cffd9c46c2/obt (28)/1434030323516.jpg'>","Star moss,Common Rush","730115","Wet",,"-3.878999500000013,52.68650509999979"
"","4.4.4","","OBT bogs survey","","","16.77466627134264","","-1","MOTOROLA XT1068","","-10.890939829713139","54fad7bd-247c-464c-8a01-fb24e6577028.json","84.20397227669704","2015-05-17T09:16:21.180Z","","","_h37ga9h09","churchill (2)","Valley","<img src='https://dyfi.cobwebproject.eu/1.3/pcapi/records/local/2338e388-f34e-25d9-945c-54cffd9c46c2/churchill (2)/1431854094347.jpg'>",,"Placeholder",,,"-3.9126696500000007,52.69860542000002"
"","5.0.2","","OBT bogs survey","","","5.013113390866062","","-1","MOTOROLA XT1068","","-5.876115049573166","54fad7bd-247c-464c-8a01-fb24e6577028.json","-123.86134150354421","2015-06-18T10:10:26.976Z","","","_1wzq2opsz","MacArthur (4)","Mountain","<img src='https://dyfi.cobwebproject.eu/1.3/pcapi/records/local/2338e388-f34e-25d9-945c-54cffd9c46c2/MacArthur (4)/1434622208523.jpg'>","Bog cotton","Placeholder","Dry",,"-3.985354099999983,52.59748620000018"
"","5.0.2","","OBT bogs survey","","","4.887511761558228","","-1","MOTOROLA XT1068","","-30.30906689476913","54fad7bd-247c-464c-8a01-fb24e6577028.json","-44.38847734037492","2015-06-21T13:08:47.109Z","","","_241ok8d22","ob (1)","Mountain","<img src='https://dyfi.cobwebproject.eu/1.3/pcapi/records/local/2338e388-f34e-25d9-945c-54cffd9c46c2/ob (1)/1434892089620.jpg'>","Star moss,Sphagnum moss","Placeholder","Wet",,"-3.9974260000000235,53.115765999999866"
"","5.0.2","","OBT bogs survey","","","-3.8901248502706536","","-1","MOTOROLA XT1068","","-17.498601436566876","54fad7bd-247c-464c-8a01-fb24e6577028.json","-114.86151542292023","2015-07-15T15:54:24.750Z","","","_ddnx63wpn","simpson (22)","Mountain","<img src='https://dyfi.cobwebproject.eu/1.3/pcapi/records/local/2338e388-f34e-25d9-945c-54cffd9c46c2/simpson (22)/1436975656059.jpg'>","Star moss","Placeholder","Wet",,"-4.040431699999971,52.68056699999991"
"","5.0.2","","OBT bogs survey","","","-17.045027356806546","","-1","MOTOROLA XT1068","","-20.84614203558724","54fad7bd-247c-464c-8a01-fb24e6577028.json","-152.0721128135829","2015-07-15T16:08:46.527Z","","","_oau8vlbok","Simpson (37)","Mountain","<img src='https://dyfi.cobwebproject.eu/1.3/pcapi/records/local/2338e388-f34e-25d9-945c-54cffd9c46c2/Simpson (37)/1436976503889.jpg'>","Star moss,Other","Placeholder","Wet",,"-4.03896599999997,52.6789049999998"
"","4.4.2","","OBT bogs survey","","",,"","-1","SAMSUNG SM-T230","",,"54fad7bd-247c-464c-8a01-fb24e6577028.json",,"2015-06-02T12:51:40.318Z","","","_m4r5t9zoj","BMS Tenzing (5)","Valley","<img src='https://dyfi.cobwebproject.eu/1.3/pcapi/records/local/2338e388-f34e-25d9-945c-54cffd9c46c2/BMS Tenzing (5)/1433249449060.jpg'>","Common Rush","Placeholder","Dry",,"-4.1049053,52.59926999999999"
"","5.0.2","","OBT bogs survey","","","6.55961592179775","","-1","MOTOROLA XT1068","","-8.926841240474165","54fad7bd-247c-464c-8a01-fb24e6577028.json","97.23195023166024","2015-06-01T00:40:34.538Z","","","_oj8pj6282","obt hA","Mountain","<img src='https://dyfi.cobwebproject.eu/1.3/pcapi/records/local/2338e388-f34e-25d9-945c-54cffd9c46c2/obt hA/1433119217423.jpg'>","Star moss","Placeholder I","Wet",,"-3.8261855,52.70481510000002"
"","5.0.2","","OBT bogs survey","","","10.065990435532646","","-1","MOTOROLA XT1068","","-36.064341383772785","54fad7bd-247c-464c-8a01-fb24e6577028.json","40.12255975083839","2015-06-23T13:12:38.628Z","","","_8yqzkrcli","simpson (12)","Mountain","<img src='https://dyfi.cobwebproject.eu/1.3/pcapi/records/local/2338e388-f34e-25d9-945c-54cffd9c46c2/simpson (12)/1435065147890.jpg'>","Bog cotton","Placeholder","Dry",,"-3.9235058999999723,52.62126089999975"
"","5.0.2","","OBT bogs survey","","","2.334506578117937","","-1","MOTOROLA XT1068","","-34.51545597059441","54fad7bd-247c-464c-8a01-fb24e6577028.json","-69.1179012304581","2015-07-22T18:06:19.786Z","","","_9ku9g276d","obt (67)","Mountain","<img src='https://dyfi.cobwebproject.eu/1.3/pcapi/records/local/2338e388-f34e-25d9-945c-54cffd9c46c2/obt (67)/1437588310506.jpg'>","Bog cotton","Placeholder","Wet",,"-2.421976,53.82556399999999"
"","5.0.2","","OBT bogs survey","","","8.384184418463944","","-1","MOTOROLA XT1068","","-14.335641577224228","54fad7bd-247c-464c-8a01-fb24e6577028.json","-62.10929385894628","2015-05-27T12:34:05.092Z","","","_1480ssq7w","tenzng","Mountain","<img src='https://dyfi.cobwebproject.eu/1.3/pcapi/records/local/2338e388-f34e-25d9-945c-54cffd9c46c2/tenzng/1432729996735.jpg'>","Bog cotton","Placeholder","Dry",,"-3.956081199999996,52.69040030000005"
"","5.0.2","","OBT bogs survey","","","13.703711621441002","","-1","MOTOROLA XT1068","","-32.28208314974321","54fad7bd-247c-464c-8a01-fb24e6577028.json","178.41335206476236","2015-06-23T18:30:32.899Z","","","_f8u1w8i7u","Simpson (9)","Mountain","<img src='https://dyfi.cobwebproject.eu/1.3/pcapi/records/local/2338e388-f34e-25d9-945c-54cffd9c46c2/Simpson (9)/1435084220204.jpg'>","Other","Placeholder","Dry",,"-3.8892672000000426,52.63271019999982"
"","5.0.2","","OBT bogs survey","","","11.498560288466644","","-1","MOTOROLA XT1068","","-20.26967748473275","54fad7bd-247c-464c-8a01-fb24e6577028.json","-94.0659799664409","2015-06-11T13:36:42.835Z","","","_060fn0vw0","obt (32)","Valley","<img src='https://dyfi.cobwebproject.eu/1.3/pcapi/records/local/2338e388-f34e-25d9-945c-54cffd9c46c2/obt (32)/1434029770294.jpg'>","Sphagnum moss,Common Rush","731115","Wet",,"-3.8802711999999624,52.6871111999999"
"","5.0.2","","OBT bogs survey","","","11.59217656877813","","-1","MOTOROLA XT1068","","-31.178799278016463","54fad7bd-247c-464c-8a01-fb24e6577028.json","-104.09719876268267","2015-07-18T14:12:50.704Z","","","_1gxfpks9q","obt (68)","Valley","<img src='https://dyfi.cobwebproject.eu/1.3/pcapi/records/local/2338e388-f34e-25d9-945c-54cffd9c46c2/obt (68)/1437228718599.jpg'>",,"Placeholder",,,"-2.421976,53.82556399999999"
"","5.0.2","","OBT bogs survey","","","1.7357046406348595","","-1","MOTOROLA XT1068","","-22.345935464106148","54fad7bd-247c-464c-8a01-fb24e6577028.json","-36.30794349561587","2015-06-21T13:03:15.495Z","","","_90x0udb60","ob (7)","Mountain","<img src='https://dyfi.cobwebproject.eu/1.3/pcapi/records/local/2338e388-f34e-25d9-945c-54cffd9c46c2/ob (7)/1434891768387.jpg'>","Other","Placeholder","Dry",,"-3.9976282999999975,53.11535139999978"
"","5.0.2","","OBT bogs survey","","","15.966830769901257","","-1","MOTOROLA XT1068","","-46.35833121776327","54fad7bd-247c-464c-8a01-fb24e6577028.json","-55.18698251250298","2015-06-23T18:32:24.181Z","","","_1bwfshnuq","simpson (8)","Mountain","<img src='https://dyfi.cobwebproject.eu/1.3/pcapi/records/local/2338e388-f34e-25d9-945c-54cffd9c46c2/simpson (8)/1435084333126.jpg'>","Other","Placeholder","Dry",,"-3.8892396999999725,52.63258060000004"
"","4.4.2","","OBT bogs survey","","",,"","-1","SAMSUNG SM-T230","",,"54fad7bd-247c-464c-8a01-fb24e6577028.json",,"2015-06-16T13:49:36.694Z","","","_9iist5s4e","Hillary ","Valley","<img src='https://dyfi.cobwebproject.eu/1.3/pcapi/records/local/2338e388-f34e-25d9-945c-54cffd9c46c2/Hillary /1434461405887.jpg'>","Bog cotton,Common Rush","Placeholder","Wet",,"-3.973803400000004,52.71530109999978"
"","5.0.2","","OBT bogs survey","","","-4.934164088023531","","-1","MOTOROLA XT1068","","-56.020217779920344","54fad7bd-247c-464c-8a01-fb24e6577028.json","-142.34328698246512","2015-06-23T18:31:12.062Z","","","_bwife7u1g","simpson (9)","Mountain","<img src='https://dyfi.cobwebproject.eu/1.3/pcapi/records/local/2338e388-f34e-25d9-945c-54cffd9c46c2/simpson (9)/1435084262842.jpg'>","Other","Placeholder","Dry",,"-3.8892396999999725,52.63258060000004"
"","5.0.2","","OBT bogs survey","","","4.635462840145948","","-1","MOTOROLA XT1068","","-23.905926764874966","54fad7bd-247c-464c-8a01-fb24e6577028.json","-132.30635131788804","2015-06-18T10:05:17.622Z","","","_fjbi6veyy","McArthur (4)","Mountain","<img src='https://dyfi.cobwebproject.eu/1.3/pcapi/records/local/2338e388-f34e-25d9-945c-54cffd9c46c2/McArthur (4)/1434621905518.jpg'>","Star moss","Placeholder","Dry",,"-3.9828126000000132,52.59971510000007"
"","5.0.2","","OBT bogs survey","","","-2.3532966419680537","","-1","MOTOROLA XT1068","","-0.26140209174824547","54fad7bd-247c-464c-8a01-fb24e6577028.json","89.44278201161019","2015-05-26T12:00:49.965Z","","","_ivg6iw9fg","Churchill (8)","Mountain","<img src='https://dyfi.cobwebproject.eu/1.3/pcapi/records/local/2338e388-f34e-25d9-945c-54cffd9c46c2/Churchill (8)/1432641612844.jpg'>","Sphagnum moss","Cadet idris","Wet",,"-3.9560397000000003,52.6848578"
"","5.0.2","","OBT bogs survey","","","3.2973466060269985","","-1","MOTOROLA XT1068","","-7.373950775121221","54fad7bd-247c-464c-8a01-fb24e6577028.json","-58.75644278784623","2015-07-08T16:00:47.406Z","","","_xeazuoysk","tenzing (4)","Mountain","<img src='https://dyfi.cobwebproject.eu/1.3/pcapi/records/local/2338e388-f34e-25d9-945c-54cffd9c46c2/tenzing (4)/1436371233537.jpg'>","Bog cotton","Placeholder","Wet",,"-3.914270399999982,52.70619019999981"
"","4.4.4","","OBT bogs survey","","","4.3222773223597075","","-1","MOTOROLA XT1068","","-44.41436375732926","54fad7bd-247c-464c-8a01-fb24e6577028.json","161.57368459063602","2015-05-07T10:35:48.995Z","","","_js215jd1i","hillary","Mountain","<img src='https://dyfi.cobwebproject.eu/1.3/pcapi/records/local/2338e388-f34e-25d9-945c-54cffd9c46c2/hillary/1430994889717.jpg'>","Sphagnum moss","","Wet","No extra work","-3.787009509999988,52.721150599999916"
"","5.0.2","","OBT bogs survey","","","9.568111479947381","","-1","MOTOROLA XT1068","","-25.358680680579997","54fad7bd-247c-464c-8a01-fb24e6577028.json","116.32126345233536","2015-06-21T11:46:32.699Z","","","_998loi2xk","obt (49)","Mountain","<img src='https://dyfi.cobwebproject.eu/1.3/pcapi/records/local/2338e388-f34e-25d9-945c-54cffd9c46c2/obt (49)/1434887184353.jpg'>","Sphagnum moss","Placeholder","Dry",,"-3.9957675000000137,53.11929170000022"
"","5.0.2","","OBT bogs survey","","","4.019582975138606","","-1","MOTOROLA XT1068","","-42.67762765140803","54fad7bd-247c-464c-8a01-fb24e6577028.json","85.45410863067364","2015-06-21T13:05:26.849Z","","","_2riyr6znm","ob (5)","Mountain","<img src='https://dyfi.cobwebproject.eu/1.3/pcapi/records/local/2338e388-f34e-25d9-945c-54cffd9c46c2/ob (5)/1434891897923.jpg'>","Star moss","Placeholder","Wet",,"-3.9974525999999972,53.11575929999979"
"","5.0.2","","OBT bogs survey","","","-23.53423982307392","","-1","MOTOROLA XT1068","","-29.92141950842506","54fad7bd-247c-464c-8a01-fb24e6577028.json","-169.91346851062664","2015-07-07T11:58:15.692Z","","","_m7ph3x4bz","tenzing (3)","Valley","<img src='https://dyfi.cobwebproject.eu/1.3/pcapi/records/local/2338e388-f34e-25d9-945c-54cffd9c46c2/tenzing (3)/1436270274408.jpg'>","Sphagnum moss","Placeholder","Wet",,"-4.0957099,52.60017049999999"
"","5.0.2","","OBT bogs survey","","","9.540380911917131","","-1","MOTOROLA XT1068","","-43.1202375700032","54fad7bd-247c-464c-8a01-fb24e6577028.json","170.61376780622805","2015-06-21T11:43:55.540Z","","","_w45gqd08l","oo","Mountain","<img src='https://dyfi.cobwebproject.eu/1.3/pcapi/records/local/2338e388-f34e-25d9-945c-54cffd9c46c2/oo/1434887023829.jpg'>","Sphagnum moss","Placeholder","Wet",,"-3.9949350999999655,53.11935240000012"
"","5.0.2","","OBT bogs survey","","","16.780495837799243","","-1","MOTOROLA XT1068","","-10.621618640550366","54fad7bd-247c-464c-8a01-fb24e6577028.json","39.602987260675526","2015-07-08T10:34:36.636Z","","","_085zbu86m","Mac Arthur","Mountain","<img src='https://dyfi.cobwebproject.eu/1.3/pcapi/records/local/2338e388-f34e-25d9-945c-54cffd9c46c2/Mac Arthur/1436351637961.jpg'>","Sphagnum moss","Placeholder","Wet",,"-2.4219759999999915,53.8255639999998"
"","4.4.2","","OBT bogs survey","","",,"","-1","SAMSUNG SM-T230","",,"54fad7bd-247c-464c-8a01-fb24e6577028.json",,"2015-09-27T09:41:27.920Z","","","_jxmtqxnzo","St Thomas More (1)","Valley","<img src='https://dyfi.cobwebproject.eu/1.3/pcapi/records/local/2338e388-f34e-25d9-945c-54cffd9c46c2/St Thomas More (1)/1443346816108.jpg'>","Star moss","Placeholder","Dry",,"-2.421975999999984,53.82556399999979"
"","4.4.4","","OBT bogs survey","","","-10.825112174039848","","-1","MOTOROLA XT1068","","-30.05639770680285","54fad7bd-247c-464c-8a01-fb24e6577028.json","97.13408045104313","2015-05-07T08:40:34.543Z","","","_49bmduk3u","noa","Mountain","<img src='https://dyfi.cobwebproject.eu/1.3/pcapi/records/local/2338e388-f34e-25d9-945c-54cffd9c46c2/noa/1430987991548.jpg'>","Star moss","783133","Wet","N","-3.78685702,52.704627009999996"
"","4.4.4","","OBT bogs survey","","","-0.7139291515335794","","-1","MOTOROLA XT1068","","-47.39084066931035","54fad7bd-247c-464c-8a01-fb24e6577028.json","48.86844622831047","2015-05-07T08:51:18.849Z","","","_5egm1lzx2","now Hillary (1)","Mountain","<img src='https://dyfi.cobwebproject.eu/1.3/pcapi/records/local/2338e388-f34e-25d9-945c-54cffd9c46c2/now Hillary (1)/1430988640598.jpg'>","Bog cotton","793 133","Wet","Nothing else","-3.7871938099999958,52.704557149999935"
"","5.0.2","","OBT bogs survey","","","17.31680399897594","","-1","MOTOROLA XT1068","","-56.295197780810476","54fad7bd-247c-464c-8a01-fb24e6577028.json","99.19642875017179","2015-06-21T11:31:06.260Z","","","_9cqt0u7hu","Andy (74)","Mountain","<img src='https://dyfi.cobwebproject.eu/1.3/pcapi/records/local/2338e388-f34e-25d9-945c-54cffd9c46c2/Andy (74)/1434886256201.jpg'>","Other","Placeholder","Wet",,"-3.9959371999999598,53.12001499999983"
"","5.0.2","","OBT bogs survey","","","5.800217560629162","","-1","MOTOROLA XT1068","","-20.783592870715555","54fad7bd-247c-464c-8a01-fb24e6577028.json","-31.738519620120666","2015-07-15T16:14:38.579Z","","","_axqq346ms","Simpson (25)","Mountain","<img src='https://dyfi.cobwebproject.eu/1.3/pcapi/records/local/2338e388-f34e-25d9-945c-54cffd9c46c2/Simpson (25)/1436976842938.jpg'>","Common Rush","Placeholder","Wet",,"-4.03896599999997,52.6789049999998"
"","5.0.2","","OBT bogs survey","","","34.46728947656748","","-1","MOTOROLA XT1068","","-52.57033021128193","54fad7bd-247c-464c-8a01-fb24e6577028.json","-113.11866288259725","2015-06-23T18:27:34.873Z","","","_stlnc7cee","Simpson (20)","Mountain","<img src='https://dyfi.cobwebproject.eu/1.3/pcapi/records/local/2338e388-f34e-25d9-945c-54cffd9c46c2/Simpson (20)/1435083937183.jpg'>","Star moss","Placeholder","Dry",,"-3.8890915999999787,52.63269509999981"
"","4.4.4","","OBT bogs survey","","","-10.42205929602281","","-1","MOTOROLA XT1068","","-31.26408101999324","54fad7bd-247c-464c-8a01-fb24e6577028.json","-80.94953057115855","2015-05-07T08:48:27.269Z","","","_lcuyni4re","noa (1)","Mountain","<img src='https://dyfi.cobwebproject.eu/1.3/pcapi/records/local/2338e388-f34e-25d9-945c-54cffd9c46c2/noa (1)/1430988494792.jpg'>","Sphagnum moss,Other","793133","Wet","Na","-3.7870655499999972,52.70444204000009"
"","5.0.2","","OBT bogs survey","","","14.743562672572192","","-1","MOTOROLA XT1068","","-37.263913847323785","54fad7bd-247c-464c-8a01-fb24e6577028.json","-39.15184643580701","2015-05-30T10:19:47.225Z","","","_ppa4d18hp","obt (22)","Valley","<img src='https://dyfi.cobwebproject.eu/1.3/pcapi/records/local/2338e388-f34e-25d9-945c-54cffd9c46c2/obt (22)/1432981164790.jpg'>","Star moss","680964","Wet",,"-3.944994499999985,52.54965330000011"
"","5.0.2","","OBT bogs survey","","","17.391866070407087","","-1","MOTOROLA XT1068","","-25.86832207568967","54fad7bd-247c-464c-8a01-fb24e6577028.json","20.724182177767492","2015-06-23T18:31:48.225Z","","","_9a2befy3t","Simpson (7)","Mountain","<img src='https://dyfi.cobwebproject.eu/1.3/pcapi/records/local/2338e388-f34e-25d9-945c-54cffd9c46c2/Simpson (7)/1435084300369.jpg'>","Other","Placeholder","Dry",,"-3.8891708999999604,52.6326568999998"
"","5.0.2","","OBT bogs survey","","","-1.8758288529437273","","-1","MOTOROLA XT1068","","-22.092031719447387","54fad7bd-247c-464c-8a01-fb24e6577028.json","-150.84954993328563","2015-06-21T14:32:41.120Z","","","_272e6od7y","outward bound (1)","Mountain","<img src='https://dyfi.cobwebproject.eu/1.3/pcapi/records/local/2338e388-f34e-25d9-945c-54cffd9c46c2/outward bound (1)/1434897151087.jpg'>","Other","Placeholder","Wet",,"-3.9976312000000243,53.11488330000015"
"","4.4.4","","OBT bogs survey","","","17.023165628820628","","-1","MOTOROLA XT1068","","-37.243085185449836","54fad7bd-247c-464c-8a01-fb24e6577028.json","-129.7513824550614","2015-05-07T08:44:48.581Z","","","_tk6f9tw0z","noa (3)","Mountain","<img src='https://dyfi.cobwebproject.eu/1.3/pcapi/records/local/2338e388-f34e-25d9-945c-54cffd9c46c2/noa (3)/1430988192679.jpg'>","Star moss,Sphagnum moss,Other","793133","Wet","Na","-3.7866522200000357,52.704517979999764"
"","4.4.4","","OBT bogs survey","","","-2.5972035510028553","","-1","MOTOROLA XT1068","","-22.18701574514017","54fad7bd-247c-464c-8a01-fb24e6577028.json","8.226065539178148","2015-05-07T08:43:50.244Z","","","_2i6km72pq","now hillary","Mountain","<img src='https://dyfi.cobwebproject.eu/1.3/pcapi/records/local/2338e388-f34e-25d9-945c-54cffd9c46c2/now hillary/1430988154634.jpg'>",,"173133","Wet","NA","-3.78661639000003,52.70431233999994"
"","5.0.2","","OBT bogs survey","","","4.076548033476982","","-1","MOTOROLA XT1068","","-20.68960776018889","54fad7bd-247c-464c-8a01-fb24e6577028.json","-8.95317247349821","2015-06-23T11:51:59.056Z","","","_oh6kv7pkk","Simpson (16)","Mountain","<img src='https://dyfi.cobwebproject.eu/1.3/pcapi/records/local/2338e388-f34e-25d9-945c-54cffd9c46c2/Simpson (16)/1435060303029.jpg'>","Common Rush","Placeholder","Dry",,"-3.936086799999992,52.616392099999885"
"","5.0.2","","OBT bogs survey","","","11.267301182227413","","-1","MOTOROLA XT1068","","-13.852983698204337","54fad7bd-247c-464c-8a01-fb24e6577028.json","38.81196597742342","2015-06-18T10:05:10.248Z","","","_zqy2algra","MacArthur (5)","Mountain","<img src='https://dyfi.cobwebproject.eu/1.3/pcapi/records/local/2338e388-f34e-25d9-945c-54cffd9c46c2/MacArthur (5)/1434621897128.jpg'>","Star moss","Placeholder","Dry",,"-2.4219759999999915,53.825563999999815"
"","5.0.2","","OBT bogs survey","","","13.733574062265944","","-1","MOTOROLA XT1068","","-27.105260796642515","54fad7bd-247c-464c-8a01-fb24e6577028.json","-144.73791032433655","2015-06-21T13:07:48.364Z","","","_hfyhas2nr","ob (2)","Mountain","<img src='https://dyfi.cobwebproject.eu/1.3/pcapi/records/local/2338e388-f34e-25d9-945c-54cffd9c46c2/ob (2)/1434892054750.jpg'>","Sphagnum moss","Placeholder","Wet",,"-3.997422199999957,53.11575869999996"
"","5.0.2","","OBT bogs survey","","","6.702733998118905","","-1","MOTOROLA XT1068","","-23.715142505883584","54fad7bd-247c-464c-8a01-fb24e6577028.json","-176.48977954919002","2015-06-23T11:45:49.514Z","","","_agnfh3yfy","Simpson (24)","Mountain","<img src='https://dyfi.cobwebproject.eu/1.3/pcapi/records/local/2338e388-f34e-25d9-945c-54cffd9c46c2/Simpson (24)/1435059930727.jpg'>","Bog cotton","Placeholder","Dry",,"-3.9401156999999825,52.61655039999993"
"","5.0.2","","OBT bogs survey","","","7.809793683796197","","-1","MOTOROLA XT1068","","-33.11430071897424","54fad7bd-247c-464c-8a01-fb24e6577028.json","8.30379821457477","2015-07-22T18:12:08.956Z","","","_pdlntlqt4","obt (63)","Mountain","<img src='https://dyfi.cobwebproject.eu/1.3/pcapi/records/local/2338e388-f34e-25d9-945c-54cffd9c46c2/obt (63)/1437588692705.jpg'>","Sphagnum moss","Placeholder","Wet",,"-2.4219759999999875,53.82556400000026"
"","5.0.2","","OBT bogs survey","","","-3.8322701597928837","","-1","MOTOROLA XT1068","","-33.662491701759464","54fad7bd-247c-464c-8a01-fb24e6577028.json","176.04730623437825","2015-06-18T10:30:34.192Z","","","_06a1dovl1","McArthur (1)","Mountain","<img src='https://dyfi.cobwebproject.eu/1.3/pcapi/records/local/2338e388-f34e-25d9-945c-54cffd9c46c2/McArthur (1)/1434623397821.jpg'>","Sphagnum moss","Placeholder","Dry",,"-3.9909623000000014,52.590329399999966"
"","5.0.2","","OBT bogs survey","","","7.504732676027687","","-1","MOTOROLA XT1068","","-42.435319860412655","54fad7bd-247c-464c-8a01-fb24e6577028.json","179.53238293762058","2015-06-13T14:24:15.353Z","","","_12hws7vgj","Scott (1)","Valley","<img src='https://dyfi.cobwebproject.eu/1.3/pcapi/records/local/2338e388-f34e-25d9-945c-54cffd9c46c2/Scott (1)/1434205420827.jpg'>","Star moss","Placeholder","Wet",,"-2.4219759999999875,53.82556400000026"
"","5.0.2","","OBT bogs survey","","","-3.8047082120577667","","-1","MOTOROLA XT1068","","-39.632223885417766","54fad7bd-247c-464c-8a01-fb24e6577028.json","-52.4054084635828","2015-06-23T12:00:20.951Z","","","_tk498q8yj","simpson (19)","Mountain","<img src='https://dyfi.cobwebproject.eu/1.3/pcapi/records/local/2338e388-f34e-25d9-945c-54cffd9c46c2/simpson (19)/1435060786129.jpg'>","Star moss","Placeholder","Dry",,"-3.9332799999999946,52.61696240000006"
"","4.4.4","","OBT bogs survey","","","1.75503194155188","","-1","MOTOROLA XT1068","","-39.77665165051227","54fad7bd-247c-464c-8a01-fb24e6577028.json","34.0661592968018","2015-05-07T08:49:30.604Z","","","_d7pjsbu20","noa Hillary","Mountain","<img src='https://dyfi.cobwebproject.eu/1.3/pcapi/records/local/2338e388-f34e-25d9-945c-54cffd9c46c2/noa Hillary/1430988375982.jpg'>","Bog cotton","793 133","Wet","Nothing else","-3.787282309999969,52.704433459999784"
"","5.0.2","","OBT bogs survey","","","-16.067769013002998","","-1","MOTOROLA XT1068","","-50.78050987513135","54fad7bd-247c-464c-8a01-fb24e6577028.json","144.07930250342892","2015-05-21T16:58:13.560Z","","","_agodf954w","obt test (2)","Mountain","<img src='https://dyfi.cobwebproject.eu/1.3/pcapi/records/local/2338e388-f34e-25d9-945c-54cffd9c46c2/obt test (2)/1432227477524.jpg'>","Star moss","Placeholder","Dry","Placeholder","-4.012416300000022,52.50609350000008"
"","5.0.2","","OBT bogs survey","","","3.329818392558297","","-1","MOTOROLA XT1068","","-48.283867412722","54fad7bd-247c-464c-8a01-fb24e6577028.json","34.33158386304308","2015-06-23T11:49:06.693Z","","","_ac6hhbczl","Simpson (17)","Mountain","<img src='https://dyfi.cobwebproject.eu/1.3/pcapi/records/local/2338e388-f34e-25d9-945c-54cffd9c46c2/Simpson (17)/1435060134129.jpg'>","Bog cotton","Placeholder","Dry",,"-3.9375830999999955,52.61650740000018"
"","4.4.2","","OBT bogs survey","","",,"","-1","SAMSUNG SM-T230","",,"54fad7bd-247c-464c-8a01-fb24e6577028.json",,"2015-05-27T12:47:14.625Z","","","_x7kgyu6mo","Obt bonnington peebles","Mountain","<img src='https://dyfi.cobwebproject.eu/1.3/pcapi/records/local/2338e388-f34e-25d9-945c-54cffd9c46c2/Obt bonnington peebles/1432730721596.jpg'>","Common Rush","673096","Dry",,"-3.9382526,52.703774199999984"
"","5.0.2","","OBT bogs survey","","","10.17905909460033","","-1","MOTOROLA XT1068","","-36.819514419166076","54fad7bd-247c-464c-8a01-fb24e6577028.json","-125.03765034278214","2015-06-23T18:30:29.822Z","","","_oeliabr4a","simpson (10)","Mountain","<img src='https://dyfi.cobwebproject.eu/1.3/pcapi/records/local/2338e388-f34e-25d9-945c-54cffd9c46c2/simpson (10)/1435084189473.jpg'>","Other","Placeholder","Dry",,"-3.8892231,52.632558499999995"
"","5.0.2","","OBT bogs survey","","","23.21748297012541","","-1","MOTOROLA XT1068","","-32.834935736636965","54fad7bd-247c-464c-8a01-fb24e6577028.json","-169.57280599558308","2015-06-23T12:09:24.483Z","","","_fj3663xvz","Simpson (12)","Mountain","<img src='https://dyfi.cobwebproject.eu/1.3/pcapi/records/local/2338e388-f34e-25d9-945c-54cffd9c46c2/Simpson (12)/1435061353206.jpg'>","Bog cotton","Placeholder","Dry",,"-3.931814100000005,52.61724749999999"
"","5.0.2","","OBT bogs survey","","","0.7117122215393813","","-1","MOTOROLA XT1068","","-8.013206108789285","54fad7bd-247c-464c-8a01-fb24e6577028.json","-125.52247083044799","2015-05-30T10:05:45.084Z","","","_d6t169ja2","obt (16)","Valley","<img src='https://dyfi.cobwebproject.eu/1.3/pcapi/records/local/2338e388-f34e-25d9-945c-54cffd9c46c2/obt (16)/1432980311533.jpg'>","Other","682963","Wet",,"-3.9458300000000315,52.54936510000011"
"","5.0.2","","OBT bogs survey","","","10.338086389045737","","-1","MOTOROLA XT1068","","-22.33302299148024","54fad7bd-247c-464c-8a01-fb24e6577028.json","166.77734617208026","2015-06-23T12:03:36.487Z","","","_k1h4bg9aw","Simpson (14)","Mountain","<img src='https://dyfi.cobwebproject.eu/1.3/pcapi/records/local/2338e388-f34e-25d9-945c-54cffd9c46c2/Simpson (14)/1435061005755.jpg'>","Bog cotton","Placeholder","Dry",,"-3.933260400000042,52.61696589999994"
"","5.0.2","","OBT bogs survey","","","11.275060277124547","","-1","MOTOROLA XT1068","","-36.21984771570105","54fad7bd-247c-464c-8a01-fb24e6577028.json","-10.481543413504452","2015-07-22T18:22:32.907Z","","","_xey81uutf","obt (60)","Mountain","<img src='https://dyfi.cobwebproject.eu/1.3/pcapi/records/local/2338e388-f34e-25d9-945c-54cffd9c46c2/obt (60)/1437589319623.jpg'>","Other","Sun due","Wet",,"-2.4219759999999706,53.8255639999999"
"","5.0.2","","OBT bogs survey","","","9.351676445528017","","-1","MOTOROLA XT1068","","-32.54719011218808","54fad7bd-247c-464c-8a01-fb24e6577028.json","-46.8845187461373","2015-07-22T18:07:27.526Z","","","_ym3ilc4ih","obt (66)","Mountain","<img src='https://dyfi.cobwebproject.eu/1.3/pcapi/records/local/2338e388-f34e-25d9-945c-54cffd9c46c2/obt (66)/1437588420991.jpg'>","Sphagnum moss","Placeholder","Dry",,"-2.421976,53.82556399999999"
"","5.0.2","","OBT bogs survey","","","-0.7830370589166212","","-1","MOTOROLA XT1068","","-33.627316227533896","54fad7bd-247c-464c-8a01-fb24e6577028.json","-102.96187788865397","2015-05-21T16:56:29.440Z","","","_rq8830m29","obt test (4)","Mountain","<img src='https://dyfi.cobwebproject.eu/1.3/pcapi/records/local/2338e388-f34e-25d9-945c-54cffd9c46c2/obt test (4)/1432227371253.jpg'>","Star moss","Placeholder","Dry","Placeholder","-4.012416300000008,52.506093500000084"
"","5.0.2","","OBT bogs survey","","","2.2226929663102433","","-1","MOTOROLA XT1068","","-29.30206819977206","54fad7bd-247c-464c-8a01-fb24e6577028.json","-112.61019628002482","2015-07-07T12:08:22.602Z","","","_y7rylwnni","Tenzing","Valley","<img src='https://dyfi.cobwebproject.eu/1.3/pcapi/records/local/2338e388-f34e-25d9-945c-54cffd9c46c2/Tenzing/1436270876449.jpg'>","Star moss","Placeholde","Wet",,"-4.09532679999999,52.60014770000021"
"","5.0.2","","OBT bogs survey","","","13.163232776002369","","-1","MOTOROLA XT1068","","-38.875852151825136","54fad7bd-247c-464c-8a01-fb24e6577028.json","152.09616873983967","2015-06-21T13:06:53.964Z","","","_8xc6zyq04","ob (3)","Mountain","<img src='https://dyfi.cobwebproject.eu/1.3/pcapi/records/local/2338e388-f34e-25d9-945c-54cffd9c46c2/ob (3)/1434892005325.jpg'>","Star moss","Placeholder","Dry",,"-3.9974405999999743,53.11574180000013"
"","5.0.2","","OBT bogs survey","","","13.124637084549919","","-1","MOTOROLA XT1068","","-30.7707637769999","54fad7bd-247c-464c-8a01-fb24e6577028.json","91.47375925188099","2015-06-23T12:02:38.963Z","","","_78nzwjdgq","Simpson (15)","Mountain","<img src='https://dyfi.cobwebproject.eu/1.3/pcapi/records/local/2338e388-f34e-25d9-945c-54cffd9c46c2/Simpson (15)/1435060930953.jpg'>","Sphagnum moss","Placeholder","Wet",,"-3.933260400000042,52.61696589999994"
"","5.0.2","","OBT bogs survey","","","22.063964764600513","","-1","MOTOROLA XT1068","","-27.64125476911739","54fad7bd-247c-464c-8a01-fb24e6577028.json","152.30592384925077","2015-06-18T10:11:28.647Z","","","_n1rfamalt","McArthur (3)","Mountain","<img src='https://dyfi.cobwebproject.eu/1.3/pcapi/records/local/2338e388-f34e-25d9-945c-54cffd9c46c2/McArthur (3)/1434622242453.jpg'>","Sphagnum moss","Placeholder","Wet",,"-3.9859662999999594,52.59642150000011"
"","5.0.2","","OBT bogs survey","","","-7.83214633162871","","-1","MOTOROLA XT1068","","-16.392471083503526","54fad7bd-247c-464c-8a01-fb24e6577028.json","166.38100395492276","2015-06-11T13:49:37.035Z","","","_0ej6oxwd6","obt (26)","Valley","<img src='https://dyfi.cobwebproject.eu/1.3/pcapi/records/local/2338e388-f34e-25d9-945c-54cffd9c46c2/obt (26)/1434030550677.jpg'>","Star moss,Sphagnum moss","730115","Wet",,"-3.8789519999999618,52.687026900000255"
"","5.0.2","","OBT bogs survey","","","7.277895263502393","","-1","MOTOROLA XT1068","","-27.630227428702405","54fad7bd-247c-464c-8a01-fb24e6577028.json","-36.80847000327817","2015-07-22T18:10:03.873Z","","","_cndhfry43","obt (64)","Mountain","<img src='https://dyfi.cobwebproject.eu/1.3/pcapi/records/local/2338e388-f34e-25d9-945c-54cffd9c46c2/obt (64)/1437588577013.jpg'>","Other","Placeho lichen","Dry",,"-2.4219759999999915,53.825563999999815"
"","5.0.2","","OBT bogs survey","","","4.535212311716263","","-1","MOTOROLA XT1068","","-25.381092238794103","54fad7bd-247c-464c-8a01-fb24e6577028.json","163.42243921404005","2015-07-15T16:05:53.675Z","","","_u65k77mzi","Simpson (26)","Mountain","<img src='https://dyfi.cobwebproject.eu/1.3/pcapi/records/local/2338e388-f34e-25d9-945c-54cffd9c46c2/Simpson (26)/1436976335694.jpg'>","Common Rush","Placeholder","Dry",,"-4.039633699999961,52.68019319999986"
"","5.0.2","","OBT bogs survey","","","7.57088988832843","","-1","MOTOROLA XT1068","","-51.09524499208554","54fad7bd-247c-464c-8a01-fb24e6577028.json","81.9991257409144","2015-06-18T10:16:00.160Z","","","_57gw0lv0u","McArthur (2)","Mountain","<img src='https://dyfi.cobwebproject.eu/1.3/pcapi/records/local/2338e388-f34e-25d9-945c-54cffd9c46c2/McArthur (2)/1434622549528.jpg'>","Other","Placeholder","Dry",,"-3.9859662999999594,52.59642150000011"
"","5.0.2","","OBT bogs survey","","","5.639078030182928","","-1","MOTOROLA XT1068","","-9.378488353114903","54fad7bd-247c-464c-8a01-fb24e6577028.json","16.379135139149078","2015-06-01T00:42:48.702Z","","","_111ne9jnv","obt (81)","Mountain","<img src='https://dyfi.cobwebproject.eu/1.3/pcapi/records/local/2338e388-f34e-25d9-945c-54cffd9c46c2/obt (81)/1433119359002.jpg'>","Bog cotton","Placeholder","Wet",,"-3.8262779999999754,52.70486429999982"
"","5.0.2","","OBT bogs survey","","","-3.7429880613965927","","-1","MOTOROLA XT1068","","-42.522155470425616","54fad7bd-247c-464c-8a01-fb24e6577028.json","-52.26628775547339","2015-05-27T12:28:00.478Z","","","_etnrm34pk","outward bound","Mountain","<img src='https://dyfi.cobwebproject.eu/1.3/pcapi/records/local/2338e388-f34e-25d9-945c-54cffd9c46c2/outward bound/1432729635815.jpg'>","Star moss","Placeholder","Wet",,"-3.9567756,52.69087520000001"
"","5.0.2","","OBT bogs survey","","","-32.61571740013082","","-1","MOTOROLA XT1068","","-7.494395184718872","54fad7bd-247c-464c-8a01-fb24e6577028.json","84.19301665326834","2015-06-21T11:33:16.896Z","","","_biraqdl6f","Andy (71)","Mountain","<img src='https://dyfi.cobwebproject.eu/1.3/pcapi/records/local/2338e388-f34e-25d9-945c-54cffd9c46c2/Andy (71)/1434886385811.jpg'>","Sphagnum moss","Placeholder","Wet",,"-3.9961538999999657,53.1198427000002"
"","5.0.2","","OBT bogs survey","","","4.6212517778040905","","-1","MOTOROLA XT1068","","-32.98973855908072","54fad7bd-247c-464c-8a01-fb24e6577028.json","8.064108093578806","2015-05-26T12:04:54.301Z","","","_izjrkhbb9","churchil",,"<img src='https://dyfi.cobwebproject.eu/1.3/pcapi/records/local/2338e388-f34e-25d9-945c-54cffd9c46c2/churchil/1432641802523.jpg'>",,"Placeholder",,,"-3.955211400000043,52.68631059999989"
"","5.0.2","","OBT bogs survey","","","-2.0934307824941056","","-1","MOTOROLA XT1068","","-44.980873307468464","54fad7bd-247c-464c-8a01-fb24e6577028.json","143.86783984672533","2015-07-15T15:33:31.876Z","","","_bk7a3n58w","Simpson (33)","Mountain","<img src='https://dyfi.cobwebproject.eu/1.3/pcapi/records/local/2338e388-f34e-25d9-945c-54cffd9c46c2/Simpson (33)/1436974383763.jpg'>","Other","Placeholder","Dry",,"-4.04316099999998,52.681091500000164"
"","5.0.2","","OBT bogs survey","","","-4.271782587599449","","-1","MOTOROLA XT1068","","-3.3928697897773885","54fad7bd-247c-464c-8a01-fb24e6577028.json","-146.5241413960783","2015-06-18T11:41:13.144Z","","","_75h9x6s41","MacArthur (1)","Valley","<img src='https://dyfi.cobwebproject.eu/1.3/pcapi/records/local/2338e388-f34e-25d9-945c-54cffd9c46c2/MacArthur (1)/1434627618701.jpg'>","Bog cotton","Placeholder","Dry",,"-3.9910289999999584,52.59011280000008"
"","5.0.2","","OBT bogs survey","","","6.115503361585181","","-1","MOTOROLA XT1068","","-17.492790653130488","54fad7bd-247c-464c-8a01-fb24e6577028.json","88.18681950627156","2015-06-01T00:41:34.833Z","","","_qjol96wi3","obt (82)","Mountain","<img src='https://dyfi.cobwebproject.eu/1.3/pcapi/records/local/2338e388-f34e-25d9-945c-54cffd9c46c2/obt (82)/1433119283603.jpg'>","Sphagnum moss","Placeholder","Wet",,"-3.8262719999999715,52.70487060000019"
"","5.0.2","","OBT bogs survey","","","17.071021349240322","","-1","MOTOROLA XT1068","","-42.01071773556423","54fad7bd-247c-464c-8a01-fb24e6577028.json","121.41811453553895","2015-07-08T11:38:50.179Z","","","_1vyulvt3r","tenzington","Mountain","<img src='https://dyfi.cobwebproject.eu/1.3/pcapi/records/local/2338e388-f34e-25d9-945c-54cffd9c46c2/tenzington/1436355463938.jpg'>","Other","Placeholder","Wet",,"-3.8991405000000117,52.69214059999977"
"","5.0.2","","OBT bogs survey","","","9.207850590854122","","-1","MOTOROLA XT1068","","-26.507841225414428","54fad7bd-247c-464c-8a01-fb24e6577028.json","78.56584236214829","2015-07-09T12:32:18.367Z","","","_use9uq6d4","St Chris Simpsons ","Mountain","<img src='https://dyfi.cobwebproject.eu/1.3/pcapi/records/local/2338e388-f34e-25d9-945c-54cffd9c46c2/St Chris Simpsons /1436445126705.jpg'>","Star moss,Sphagnum moss","Placeholder","Dry",,"-4.046279299999977,52.730735000000195"
"","5.0.2","","OBT bogs survey","","","-1.9910761289132333","","-1","MOTOROLA XT1068","","-10.761795466660185","54fad7bd-247c-464c-8a01-fb24e6577028.json","-127.63519860489468","2015-07-15T15:47:39.554Z","","","_ndoznq91d","Simpson (30)","Mountain","<img src='https://dyfi.cobwebproject.eu/1.3/pcapi/records/local/2338e388-f34e-25d9-945c-54cffd9c46c2/Simpson (30)/1436975233358.jpg'>","Star moss","Placeholder","Wet",,"-4.040582300000022,52.68078640000028"
"","5.0.2","","OBT bogs survey","","","-7.523820493436934","","-1","MOTOROLA XT1068","","-17.2501447677712","54fad7bd-247c-464c-8a01-fb24e6577028.json","-82.87817108709504","2015-06-21T13:26:28.017Z","","","_yl2cx1583","Andy P (1)",,"<img src='https://dyfi.cobwebproject.eu/1.3/pcapi/records/local/2338e388-f34e-25d9-945c-54cffd9c46c2/Andy P (1)/1434893150024.jpg'>","Other","Placeholder","Dry",,"-3.9974944,53.11570290000002"
"","5.0.2","","OBT bogs survey","","","-7.346046037267134","","-1","MOTOROLA XT1068","","-42.04866626659282","54fad7bd-247c-464c-8a01-fb24e6577028.json","145.8052776463128","2015-07-15T17:00:04.505Z","","","_39rvpsylw","simpson (21)","Mountain","<img src='https://dyfi.cobwebproject.eu/1.3/pcapi/records/local/2338e388-f34e-25d9-945c-54cffd9c46c2/simpson (21)/1436979340184.jpg'>","Common Rush","Mount pen y garn summit","Dry",,"-4.038613100000014,52.67800729999975"
"","5.0.2","","OBT bogs survey","","","-1.3478873533351818","","-1","MOTOROLA XT1068","","-49.34323658318015","54fad7bd-247c-464c-8a01-fb24e6577028.json","142.76240105031545","2015-07-08T10:27:39.947Z","","","_utfbqcfbu","Mac Arthur (1)","Mountain","<img src='https://dyfi.cobwebproject.eu/1.3/pcapi/records/local/2338e388-f34e-25d9-945c-54cffd9c46c2/Mac Arthur (1)/1436351184304.jpg'>","Other","Placeholder","Wet",,"-2.421976,53.825563999999986"
"","4.4.4","","OBT bogs survey","","","16.80076613170855","","-1","MOTOROLA XT1068","","-43.61213071855459","54fad7bd-247c-464c-8a01-fb24e6577028.json","-101.28098199429218","2015-05-07T10:34:12.024Z","","","_798qlx5rq","Hillary noa","Mountain","<img src='https://dyfi.cobwebproject.eu/1.3/pcapi/records/local/2338e388-f34e-25d9-945c-54cffd9c46c2/Hillary noa/1430989780575.jpg'>",,"","Wet","No extra","-3.786974499999973,52.72119465999982"
"","5.0.2","","OBT bogs survey","","","15.62210087720696","","-1","MOTOROLA XT1068","","-28.71001374213701","54fad7bd-247c-464c-8a01-fb24e6577028.json","120.22233965716647","2015-06-23T18:34:18.221Z","","","_o8wyjixme","Simpson (5)","Mountain","<img src='https://dyfi.cobwebproject.eu/1.3/pcapi/records/local/2338e388-f34e-25d9-945c-54cffd9c46c2/Simpson (5)/1435084406444.jpg'>","Other","Placeholder","Dry",,"-3.8894563000000053,52.63232440000024"
"","4.4.2","","OBT bogs survey","","",,"","-1","SAMSUNG SM-T230","",,"54fad7bd-247c-464c-8a01-fb24e6577028.json",,"2015-09-27T09:47:26.301Z","","","_l03so1bk2","st Thomas More Catholic school ","Valley","<img src='https://dyfi.cobwebproject.eu/1.3/pcapi/records/local/2338e388-f34e-25d9-945c-54cffd9c46c2/st Thomas More Catholic school /1443347160338.jpg'>","Star moss","Placeholder","Dry",,"-2.4219760000000123,53.8255639999998"
"","5.0.2","","OBT bogs survey","","","18.58559530712314","","-1","MOTOROLA XT1068","","-42.27233788643781","54fad7bd-247c-464c-8a01-fb24e6577028.json","12.765101903055973","2015-06-23T11:52:08.310Z","","","_ltgiauhsz","simpson (20)","Mountain","<img src='https://dyfi.cobwebproject.eu/1.3/pcapi/records/local/2338e388-f34e-25d9-945c-54cffd9c46c2/simpson (20)/1435060314718.jpg'>","Common Rush","Placeholder","Dry",,"-3.9373574000000064,52.616485199999744"
"","5.0.2","","OBT bogs survey","","","7.920740715352945","","-1","MOTOROLA XT1068","","-17.787424523357327","54fad7bd-247c-464c-8a01-fb24e6577028.json","35.06632780262886","2015-06-01T00:54:44.425Z","","","_9hd0iibkv","obt (80)","Mountain","<img src='https://dyfi.cobwebproject.eu/1.3/pcapi/records/local/2338e388-f34e-25d9-945c-54cffd9c46c2/obt (80)/1433120073987.jpg'>","Bog cotton","Placeholder","Wet",,"-3.826254400000022,52.70477750000018"
"","5.0.2","","OBT bogs survey","","","-5.763854060374837","","-1","MOTOROLA XT1068","","-31.365587876343387","54fad7bd-247c-464c-8a01-fb24e6577028.json","-174.64401654864247","2016-01-28T17:41:47.154Z","","","_1dd4110rm","test hodges","Mountain","<img src='https://dyfi.cobwebproject.eu/1.3/pcapi/records/local/2338e388-f34e-25d9-945c-54cffd9c46c2/test hodges/1454002892696.jpg'>","Star moss,Sphagnum moss,Other","Placeholderxxx","Wet",,"-3.957844800000002,52.643957199999974"
"","5.0.2","","OBT bogs survey","","","-2.202597909441831","","-1","MOTOROLA XT1068","","-9.919058552333684","54fad7bd-247c-464c-8a01-fb24e6577028.json","-158.23011574661803","2015-06-18T10:01:10.456Z","","","_zko1mz7zh","MacArthur (7)","Mountain","<img src='https://dyfi.cobwebproject.eu/1.3/pcapi/records/local/2338e388-f34e-25d9-945c-54cffd9c46c2/MacArthur (7)/1434621541781.jpg'>","Sphagnum moss","Placeholder",,,"-2.421976,53.82556399999999"
"","5.0.2","","OBT bogs survey","","","-28.631526330837104","","-1","MOTOROLA XT1068","","-25.38749554114099","54fad7bd-247c-464c-8a01-fb24e6577028.json","-172.60871579862703","2015-06-21T11:52:39.928Z","","","_edpfi23oh","Kate m (1)","Mountain","<img src='https://dyfi.cobwebproject.eu/1.3/pcapi/records/local/2338e388-f34e-25d9-945c-54cffd9c46c2/Kate m (1)/1434887483568.jpg'>",,"Placeholder",,,"-3.99540420000003,53.11868960000009"
"","5.0.2","","OBT bogs survey","","","16.97389605924274","","-1","MOTOROLA XT1068","","-27.471007181412944","54fad7bd-247c-464c-8a01-fb24e6577028.json","138.1364095481142","2015-07-15T16:04:56.012Z","","","_9idip726h","Simpson (27)","Mountain","<img src='https://dyfi.cobwebproject.eu/1.3/pcapi/records/local/2338e388-f34e-25d9-945c-54cffd9c46c2/Simpson (27)/1436976279306.jpg'>","Common Rush","Placeholder","Wet",,"-4.039633699999961,52.68019319999986"
"","5.0.2","","OBT bogs survey","","","8.073205051779617","","-1","MOTOROLA XT1068","","-27.878122314438848","54fad7bd-247c-464c-8a01-fb24e6577028.json","115.7213542771548","2015-06-23T18:35:05.349Z","","","_w85djduec","Simpson (4)","Mountain","<img src='https://dyfi.cobwebproject.eu/1.3/pcapi/records/local/2338e388-f34e-25d9-945c-54cffd9c46c2/Simpson (4)/1435084475898.jpg'>","Other","Placeholder","Dry",,"-3.8889609000000047,52.632690800000255"
"","4.4.4","","OBT bogs survey","","","8.478552019584132","","-1","MOTOROLA XT1068","","-19.19404392631351","54fad7bd-247c-464c-8a01-fb24e6577028.json","2.4598149361782835","2015-05-07T10:19:38.741Z","","","_eb4jmgk7a","now Hillary","Mountain","<img src='https://dyfi.cobwebproject.eu/1.3/pcapi/records/local/2338e388-f34e-25d9-945c-54cffd9c46c2/now Hillary/1430993938388.jpg'>","Sphagnum moss","795 194","Dry","N","-3.785138769999975,52.718380000000046"
"","5.0.2","","OBT bogs survey","","","9.909498848816606","","-1","MOTOROLA XT1068","","-46.72831915000828","54fad7bd-247c-464c-8a01-fb24e6577028.json","97.86855801325127","2015-06-13T14:19:58.732Z","","","_pu92it8jj","scott (2)","Valley","<img src='https://dyfi.cobwebproject.eu/1.3/pcapi/records/local/2338e388-f34e-25d9-945c-54cffd9c46c2/scott (2)/1434205192330.jpg'>","Star moss","Placeholder","Wet",,"-2.4219759999999915,53.825563999999815"
"","5.0.2","","OBT bogs survey","","","24.891299373412487","","-1","MOTOROLA XT1068","","-25.025905326480515","54fad7bd-247c-464c-8a01-fb24e6577028.json","4.797074934305382","2015-07-09T12:30:28.309Z","","","_go0ujake6","simp St chris","Mountain","<img src='https://dyfi.cobwebproject.eu/1.3/pcapi/records/local/2338e388-f34e-25d9-945c-54cffd9c46c2/simp St chris/1436444973645.jpg'>","Sphagnum moss","","Wet",,"-4.046151500000034,52.73021050000007"
"","5.0.2","","OBT bogs survey","","","4.683651532287681","","-1","MOTOROLA XT1068","","-34.389835131379535","54fad7bd-247c-464c-8a01-fb24e6577028.json","16.682151359034815","2015-07-22T18:26:31.271Z","","","_s22usm37t","obt (69)","Mountain","<img src='https://dyfi.cobwebproject.eu/1.3/pcapi/records/local/2338e388-f34e-25d9-945c-54cffd9c46c2/obt (69)/1437589559297.jpg'>","Star moss","Placeholder","Wet",,"-2.4219759999999666,53.825563999999815"
"","5.0.2","","OBT bogs survey","","","-11.875736994813089","","-1","MOTOROLA XT1068","","-26.122997631724644","54fad7bd-247c-464c-8a01-fb24e6577028.json","159.69446732353373","2015-07-15T15:45:23.539Z","","","_3bh1pqeyo","Simpson (32)","Mountain","<img src='https://dyfi.cobwebproject.eu/1.3/pcapi/records/local/2338e388-f34e-25d9-945c-54cffd9c46c2/Simpson (32)/1436975063141.jpg'>","Sphagnum moss","Placeholder","Wet",,"-4.040649700000005,52.680572599999905"
"","5.0.2","","OBT bogs survey","","","1.3510650988465303","","-1","MOTOROLA XT1068","","-33.90043158678061","54fad7bd-247c-464c-8a01-fb24e6577028.json","175.38078905441174","2015-05-21T17:01:11.027Z","","","_svgjzs5mj","obt test (1)","Mountain","<img src='https://dyfi.cobwebproject.eu/1.3/pcapi/records/local/2338e388-f34e-25d9-945c-54cffd9c46c2/obt test (1)/1432227657987.jpg'>","Star moss","Placeholder","Dry","Placeholder","-4.012416300000029,52.5060934999998"
"","5.0.2","","OBT bogs survey","","","15.270506644396798","","-1","MOTOROLA XT1068","","-49.402409927054556","54fad7bd-247c-464c-8a01-fb24e6577028.json","17.989627151093675","2015-05-21T17:02:25.072Z","","","_i5orhhuz3","OBT Test","Valley","<img src='https://dyfi.cobwebproject.eu/1.3/pcapi/records/local/2338e388-f34e-25d9-945c-54cffd9c46c2/OBT Test/1432227730293.jpg'>",,"Dyfi","Dry","Fern","-4.022713499999965,52.54779239999983"
"","4.4.2","","OBT bogs survey","","",,"","-1","SAMSUNG SM-T230","",,"54fad7bd-247c-464c-8a01-fb24e6577028.json",,"2015-09-27T09:45:22.193Z","","","_2a2881wq2","St Thomas More ","Valley","<img src='https://dyfi.cobwebproject.eu/1.3/pcapi/records/local/2338e388-f34e-25d9-945c-54cffd9c46c2/St Thomas More /1443347057004.jpg'>","Star moss","Placeholder","Dry",,"-2.421975999999984,53.82556399999979"
"","4.4.4","","OBT bogs survey","","","9.440252046232036","","-1","MOTOROLA XT1068","","-24.667106951643284","54fad7bd-247c-464c-8a01-fb24e6577028.json","2.9146876056545614","2015-05-07T10:34:40.716Z","","","_9ledu3q9m","Noa Hillary","Valley","<img src='https://dyfi.cobwebproject.eu/1.3/pcapi/records/local/2338e388-f34e-25d9-945c-54cffd9c46c2/Noa Hillary/1430994819652.jpg'>","Star moss","794 152","Wet","Na","-3.7869616599999953,52.72117873999983"
"","5.0.2","","OBT bogs survey","","","2.7560936013346273","","-1","MOTOROLA XT1068","","-32.189096954382656","54fad7bd-247c-464c-8a01-fb24e6577028.json","152.5551164709295","2015-07-07T12:09:45.349Z","","","_rytxbryzx","Tenzing (1)","Valley","<img src='https://dyfi.cobwebproject.eu/1.3/pcapi/records/local/2338e388-f34e-25d9-945c-54cffd9c46c2/Tenzing (1)/1436270961162.jpg'>","Star moss","Placeholder","Dry",,"-4.095038999999988,52.60029730000011"
"","5.0.2","","OBT bogs survey","","","6.54833671815712","","-1","MOTOROLA XT1068","","-23.26036972792392","54fad7bd-247c-464c-8a01-fb24e6577028.json","-125.98279825975017","2015-07-15T15:18:29.739Z","","","_fgjl7ktyw","Simpson (36)","Mountain","<img src='https://dyfi.cobwebproject.eu/1.3/pcapi/records/local/2338e388-f34e-25d9-945c-54cffd9c46c2/Simpson (36)/1436973434107.jpg'>","Common Rush","Placeholder","Dry",,"-2.421976,53.82556399999999"
"","5.0.2","","OBT bogs survey","","","18.097255564487444","","-1","MOTOROLA XT1068","","-47.39254821660285","54fad7bd-247c-464c-8a01-fb24e6577028.json","-138.85789609052097","2015-07-08T10:45:40.700Z","","","_fw68t62w1","tenzing (7)","Mountain","<img src='https://dyfi.cobwebproject.eu/1.3/pcapi/records/local/2338e388-f34e-25d9-945c-54cffd9c46c2/tenzing (7)/1436352291408.jpg'>","Sphagnum moss","Placeholder","Wet",,"-3.8890461,52.6939503"
"","5.0.2","","OBT bogs survey","","","-9.92261537334397","","-1","MOTOROLA XT1068","","-37.467607163846495","54fad7bd-247c-464c-8a01-fb24e6577028.json","-29.901055299414665","2015-07-07T12:04:11.834Z","","","_98mzs5o1b","tenzing (1)","Valley","<img src='https://dyfi.cobwebproject.eu/1.3/pcapi/records/local/2338e388-f34e-25d9-945c-54cffd9c46c2/tenzing (1)/1436270619017.jpg'>","Star moss","Placeholder","Dry",,"-4.09532679999999,52.60014770000021"
"","5.0.2","","OBT bogs survey","","","23.03683129676774","","-1","MOTOROLA XT1068","","-28.06792644128433","54fad7bd-247c-464c-8a01-fb24e6577028.json","68.14505689640568","2015-06-23T11:49:18.222Z","","","_4h1ijbazc","simpson (18)","Mountain","<img src='https://dyfi.cobwebproject.eu/1.3/pcapi/records/local/2338e388-f34e-25d9-945c-54cffd9c46c2/simpson (18)/1435060135908.jpg'>","Bog cotton","Placeholder","Dry",,"-3.9373574000000064,52.616485199999744"
"","5.0.2","","OBT bogs survey","","","12.928026674196516","","-1","MOTOROLA XT1068","","-26.491735639351536","54fad7bd-247c-464c-8a01-fb24e6577028.json","131.93177008342622","2015-07-07T12:00:37.152Z","","","_1tfmmpnnw","tensing","Valley","<img src='https://dyfi.cobwebproject.eu/1.3/pcapi/records/local/2338e388-f34e-25d9-945c-54cffd9c46c2/tensing/1436270422137.jpg'>","Sphagnum moss","Placeholder","Wet",,"-4.0957099,52.60017049999999"
"","4.4.4","","OBT bogs survey","","","-5.682368196029292","","-1","MOTOROLA XT1068","","-64.20849785883634","54fad7bd-247c-464c-8a01-fb24e6577028.json","-94.6140411756319","2015-05-07T10:10:05.413Z","","","_5rqi7rlav","noa  Hillary","Mountain","<img src='https://dyfi.cobwebproject.eu/1.3/pcapi/records/local/2338e388-f34e-25d9-945c-54cffd9c46c2/noa  Hillary/1430993355267.jpg'>","Bog cotton","795 194","Dry","Nothing else","-3.785138769999975,52.718380000000046"
"","5.0.2","","OBT bogs survey","","","-3.2878460263349223","","-1","MOTOROLA XT1068","","-19.531342573190834","54fad7bd-247c-464c-8a01-fb24e6577028.json","-32.71655148284772","2015-07-15T15:46:09.639Z","","","_ep7el5sxy","Simpson (31)","Mountain","<img src='https://dyfi.cobwebproject.eu/1.3/pcapi/records/local/2338e388-f34e-25d9-945c-54cffd9c46c2/Simpson (31)/1436975153309.jpg'>","Sphagnum moss,Common Rush,Other","Placeholder","Wet",,"-4.040649700000005,52.680572599999905"
"","5.0.2","","OBT bogs survey","","","-2.2196554531202914","","-1","MOTOROLA XT1068","","-40.00213327048731","54fad7bd-247c-464c-8a01-fb24e6577028.json","96.84351737356161","2015-06-23T12:02:00.132Z","","","_27i7g3w4j","simpson (14)","Mountain","<img src='https://dyfi.cobwebproject.eu/1.3/pcapi/records/local/2338e388-f34e-25d9-945c-54cffd9c46c2/simpson (14)/1435060903064.jpg'>","Sphagnum moss","Placeholder","Wet",,"-3.9332198999999686,52.61688290000017"
"","5.0.2","","OBT bogs survey","","","28.94001353224802","","-1","MOTOROLA XT1068","","-55.752604138050074","54fad7bd-247c-464c-8a01-fb24e6577028.json","15.106184245797339","2015-05-21T16:58:41.491Z","","","_dskznrmbh","OBT Test (4)","Valley","<img src='https://dyfi.cobwebproject.eu/1.3/pcapi/records/local/2338e388-f34e-25d9-945c-54cffd9c46c2/OBT Test (4)/1432227473260.jpg'>",,"Dyfi","Dry","Clover","-4.004898299999956,52.50731270000021"
"","5.0.2","","OBT bogs survey","","","-6.696825457600021","","-1","MOTOROLA XT1068","","-4.777368984776249","54fad7bd-247c-464c-8a01-fb24e6577028.json","39.46839838308042","2015-06-23T11:44:30.288Z","","","_ye3l1mt6g","Simpson (19)","Mountain","<img src='https://dyfi.cobwebproject.eu/1.3/pcapi/records/local/2338e388-f34e-25d9-945c-54cffd9c46c2/Simpson (19)/1435059713987.jpg'>","Bog cotton","Placeholder","Dry",,"-3.9401065,52.6166901"
"","5.0.2","","OBT bogs survey","","","6.996096172499653","","-1","MOTOROLA XT1068","","-39.492116214973294","54fad7bd-247c-464c-8a01-fb24e6577028.json","-7.791960059873294","2015-06-23T18:33:43.682Z","","","_wz1q84lms","simpson (7)","Mountain","<img src='https://dyfi.cobwebproject.eu/1.3/pcapi/records/local/2338e388-f34e-25d9-945c-54cffd9c46c2/simpson (7)/1435084413704.jpg'>","Other","Placeholder","Dry",,"-3.8897489000000447,52.63255579999984"
"","5.0.2","","OBT bogs survey","","","-25.24687731405606","","-1","MOTOROLA XT1068","","-23.61668362145056","54fad7bd-247c-464c-8a01-fb24e6577028.json","-79.82331433929347","2015-06-21T13:13:20.967Z","","","_4q1b4qr03","Andy P","Mountain","<img src='https://dyfi.cobwebproject.eu/1.3/pcapi/records/local/2338e388-f34e-25d9-945c-54cffd9c46c2/Andy P/1434892341635.jpg'>","Other","Placeholder","Dry",,"-3.9974944,53.11570290000002"
"","5.0.2","","OBT bogs survey","","","-2.6874211718720264","","-1","MOTOROLA XT1068","","-10.396514388526963","54fad7bd-247c-464c-8a01-fb24e6577028.json","160.43401288610602","2015-07-15T15:48:20.197Z","","","_68oq7019e","Simpson (29)","Mountain","<img src='https://dyfi.cobwebproject.eu/1.3/pcapi/records/local/2338e388-f34e-25d9-945c-54cffd9c46c2/Simpson (29)/1436975286432.jpg'>","Star moss","Placeholder","Dry",,"-4.040582300000022,52.68078640000028"
"","5.0.2","","OBT bogs survey","","","19.86801113511722","","-1","MOTOROLA XT1068","","-21.15038085933441","54fad7bd-247c-464c-8a01-fb24e6577028.json","79.25318478889417","2015-07-22T18:08:59.057Z","","","_2u9cph6j6","obt (65)","Mountain","<img src='https://dyfi.cobwebproject.eu/1.3/pcapi/records/local/2338e388-f34e-25d9-945c-54cffd9c46c2/obt (65)/1437588465574.jpg'>","Sphagnum moss","Placeholder","Dry",,"-2.4219759999999915,53.825563999999815"
"","4.4.2","","OBT bogs survey","","",,"","-1","SAMSUNG SM-T230","",,"54fad7bd-247c-464c-8a01-fb24e6577028.json",,"2015-09-11T13:48:13.068Z","","","_4az8hs3tg","fff","Mountain","<img src='https://dyfi.cobwebproject.eu/1.3/pcapi/records/local/2338e388-f34e-25d9-945c-54cffd9c46c2/fff/1441979230307.jpg'>","Sphagnum moss","Placeholderycyugi","Wet",,"-2.426941923916747,53.82753340718122"
"","5.0.2","","OBT bogs survey","","","14.097785362020412","","-1","MOTOROLA XT1068","","-31.060585778956465","54fad7bd-247c-464c-8a01-fb24e6577028.json","-179.56653388347064","2015-06-21T11:27:40.885Z","","","_g7kvdw4ug","oht","Mountain","<img src='https://dyfi.cobwebproject.eu/1.3/pcapi/records/local/2338e388-f34e-25d9-945c-54cffd9c46c2/oht/1434886045716.jpg'>","Other","Placeholder by xx","Dry",,"-3.9958601000000002,53.12038340000001"
"","5.0.2","","OBT bogs survey","","","8.233244921769478","","-1","MOTOROLA XT1068","","-49.351408904522074","54fad7bd-247c-464c-8a01-fb24e6577028.json","110.32222634204311","2015-06-01T03:00:44.305Z","","","_3xj3csr2o","obt (79)","Mountain","<img src='https://dyfi.cobwebproject.eu/1.3/pcapi/records/local/2338e388-f34e-25d9-945c-54cffd9c46c2/obt (79)/1433127632533.jpg'>","Sphagnum moss","Placeholder","Dry",,"-3.8031615000000207,52.712190699999944"
"","5.0.2","","OBT bogs survey","","","14.803980818422833","","-1","MOTOROLA XT1068","","-30.215892869206403","54fad7bd-247c-464c-8a01-fb24e6577028.json","144.86163237096218","2015-07-22T18:17:03.612Z","","","_ejxd1yrsc","obt (61)","Mountain","<img src='https://dyfi.cobwebproject.eu/1.3/pcapi/records/local/2338e388-f34e-25d9-945c-54cffd9c46c2/obt (61)/1437588983783.jpg'>","Star moss","Placeholder","Wet",,"-2.421975999999979,53.82556400000008"
"","5.0.2","","OBT bogs survey","","","-7.48393645755229","","-1","MOTOROLA XT1068","","-44.133929850386885","54fad7bd-247c-464c-8a01-fb24e6577028.json","-53.923411176428964","2015-05-21T16:57:28.847Z","","","_7wzga7332","obt test (3)","Mountain","<img src='https://dyfi.cobwebproject.eu/1.3/pcapi/records/local/2338e388-f34e-25d9-945c-54cffd9c46c2/obt test (3)/1432227433517.jpg'>","Star moss","Placeholder","Dry","Placeholder","-4.012416300000015,52.50609349999981"
"","5.0.2","","OBT bogs survey","","","-3.9213990058196724","","-1","MOTOROLA XT1068","","-9.590028703220307","54fad7bd-247c-464c-8a01-fb24e6577028.json","67.84517744089626","2015-06-23T12:16:13.789Z","","","_t6jzjfdtp","Simpson (11)","Mountain","<img src='https://dyfi.cobwebproject.eu/1.3/pcapi/records/local/2338e388-f34e-25d9-945c-54cffd9c46c2/Simpson (11)/1435061749122.jpg'>","Bog cotton","Placeholder","Dry",,"-3.931814100000005,52.61724749999999"
"","5.0.2","","OBT bogs survey","","","5.6236874795487735","","-1","MOTOROLA XT1068","","-26.803602076854318","54fad7bd-247c-464c-8a01-fb24e6577028.json","-173.38513072233906","2015-06-13T14:27:54.799Z","","","_iuc23pq82","Scott","Valley","<img src='https://dyfi.cobwebproject.eu/1.3/pcapi/records/local/2338e388-f34e-25d9-945c-54cffd9c46c2/Scott/1434205665609.jpg'>","Star moss","Placeholder","Wet",,"-2.421975999999983,53.82556400000017"
"","4.4.2","","OBT bogs survey","","",,"","-1","SAMSUNG SM-T230","",,"54fad7bd-247c-464c-8a01-fb24e6577028.json",,"2015-05-21T17:01:29.978Z","","","_h6k2q02fd","Obt test ","Mountain","<img src='https://dyfi.cobwebproject.eu/1.3/pcapi/records/local/2338e388-f34e-25d9-945c-54cffd9c46c2/Obt test /modified.jpg'>","Sphagnum moss,Bog cotton","Ob Aberdovey","Dry","B aberdovey","-4.022685199999963,52.54787430000006"
"","5.0.2","","OBT bogs survey","","","25.778431663570423","","-1","MOTOROLA XT1068","","-66.66180618605654","54fad7bd-247c-464c-8a01-fb24e6577028.json","39.28863121922027","2015-05-21T17:01:29.002Z","","","_gmtgh4zno","OBT Test (1)","Valley","<img src='https://dyfi.cobwebproject.eu/1.3/pcapi/records/local/2338e388-f34e-25d9-945c-54cffd9c46c2/OBT Test (1)/1432227672729.jpg'>",,"Dyfi","Dry","Grass","-4.022695500000029,52.54792100000006"
"","4.4.2","","OBT bogs survey","","",,"","-1","SAMSUNG SM-T230","",,"54fad7bd-247c-464c-8a01-fb24e6577028.json",,"2015-06-16T13:27:51.989Z","","","_0klh7u0bt","hillary (1)","Valley","<img src='https://dyfi.cobwebproject.eu/1.3/pcapi/records/local/2338e388-f34e-25d9-945c-54cffd9c46c2/hillary (1)/1434461238269.jpg'>","Common Rush","Placeholder","Wet",,"-3.9738034,52.7153011"
"","5.0.2","","OBT bogs survey","","","39.241738555473546","","-1","MOTOROLA XT1068","","-35.01442178003135","54fad7bd-247c-464c-8a01-fb24e6577028.json","167.81725613359305","2015-06-23T12:35:35.407Z","","","_g295i0c0d","simpson (13)","Mountain","<img src='https://dyfi.cobwebproject.eu/1.3/pcapi/records/local/2338e388-f34e-25d9-945c-54cffd9c46c2/simpson (13)/1435062916276.jpg'>","Bog cotton","Placeholder","Dry",,"-3.9235058999999723,52.62126089999975"
"","5.0.2","","OBT bogs survey","","","29.68901207663162","","-1","MOTOROLA XT1068","","-55.344213467196674","54fad7bd-247c-464c-8a01-fb24e6577028.json","45.874634296215895","2015-06-23T18:34:49.025Z","","","_xjnxh7r4e","simpson (6)","Mountain","<img src='https://dyfi.cobwebproject.eu/1.3/pcapi/records/local/2338e388-f34e-25d9-945c-54cffd9c46c2/simpson (6)/1435084470493.jpg'>","Other","Placeholder","Dry",,"-3.8896753000000084,52.632604600000086"
"","5.0.2","","OBT bogs survey","","","27.69067631040431","","-1","MOTOROLA XT1068","","-31.107358914392712","54fad7bd-247c-464c-8a01-fb24e6577028.json","159.89478311151186","2015-06-13T14:17:16.114Z","","","_hg2hnrrbo","scott (3)","Valley","<img src='https://dyfi.cobwebproject.eu/1.3/pcapi/records/local/2338e388-f34e-25d9-945c-54cffd9c46c2/scott (3)/1434205028857.jpg'>","Star moss","Placeholder","Wet",,"-2.421975999999996,53.82556399999991"
"","5.0.2","","OBT bogs survey","","","-5.349888674498234","","-1","MOTOROLA XT1068","","-53.91157104350275","54fad7bd-247c-464c-8a01-fb24e6577028.json","-156.00717603972402","2015-06-21T11:34:53.215Z","","","_qn521346k","Andy (69)","Mountain","<img src='https://dyfi.cobwebproject.eu/1.3/pcapi/records/local/2338e388-f34e-25d9-945c-54cffd9c46c2/Andy (69)/1434886485375.jpg'>","Other","Placeholder","Wet",,"-3.9960795000000027,53.11951889999992"
"","4.4.4","","OBT bogs survey","","","11.147006183017856","","-1","MOTOROLA XT1068","","-30.112917522184706","54fad7bd-247c-464c-8a01-fb24e6577028.json","-16.622477703803707","2015-05-07T10:31:20.045Z","","","_c60vm6wxe","Noa Hillary (1)","Mountain","<img src='https://dyfi.cobwebproject.eu/1.3/pcapi/records/local/2338e388-f34e-25d9-945c-54cffd9c46c2/Noa Hillary (1)/1430994642806.jpg'>","Star moss","794 152","Wet","Na","-3.7870330399999705,52.721110979999985"
"","5.0.2","","OBT bogs survey","","","10.055148363998896","","-1","MOTOROLA XT1068","","-0.3489589537293","54fad7bd-247c-464c-8a01-fb24e6577028.json","179.9814268944139","2015-06-23T12:07:35.598Z","","","_2lbulnnf8","Simpson (13)","Mountain","<img src='https://dyfi.cobwebproject.eu/1.3/pcapi/records/local/2338e388-f34e-25d9-945c-54cffd9c46c2/Simpson (13)/1435061247189.jpg'>","Sphagnum moss","Placeholder","Dry",,"-3.9332718000000195,52.61696690000009"
"","5.0.2","","OBT bogs survey","","","-22.633115890401214","","-1","MOTOROLA XT1068","","-46.12991944663429","54fad7bd-247c-464c-8a01-fb24e6577028.json","-82.84390402802909","2015-07-15T15:22:11.428Z","","","_spjlldeky","Simpson (35)","Mountain","<img src='https://dyfi.cobwebproject.eu/1.3/pcapi/records/local/2338e388-f34e-25d9-945c-54cffd9c46c2/Simpson (35)/1436973675773.jpg'>","Other","Placeholder","Dry",,"-4.0453419,52.68172770000001"
"","4.4.2","","OBT bogs survey","","",,"","-1","SAMSUNG SM-T230","",,"54fad7bd-247c-464c-8a01-fb24e6577028.json",,"2015-06-02T12:16:44.774Z","","","_m2glq0a6l","BMS Tenzing (6)","Valley","<img src='https://dyfi.cobwebproject.eu/1.3/pcapi/records/local/2338e388-f34e-25d9-945c-54cffd9c46c2/BMS Tenzing (6)/1433247337778.jpg'>","Other","Bailey Ridge","Wet",,"-4.1174444,52.604612399999986"
"","5.0.2","","OBT bogs survey","","","7.111052098212376","","-1","MOTOROLA XT1068","","-0.6754743860936142","54fad7bd-247c-464c-8a01-fb24e6577028.json","137.29363250642632","2015-05-30T10:50:18.659Z","","","_e6i2m8yxw","obt (5)","Valley","<img src='https://dyfi.cobwebproject.eu/1.3/pcapi/records/local/2338e388-f34e-25d9-945c-54cffd9c46c2/obt (5)/1432982990821.jpg'>","Sphagnum moss","678959","Wet",,"-3.9493159000000344,52.54476550000016"
"","5.0.2","","OBT bogs survey","","","-3.2020206439888925","","-1","MOTOROLA XT1068","","2.7980832564743383","54fad7bd-247c-464c-8a01-fb24e6577028.json","27.24665766529283","2015-06-23T13:35:45.087Z","","","_6rfhyvj2x","Simpson (10)","Mountain","<img src='https://dyfi.cobwebproject.eu/1.3/pcapi/records/local/2338e388-f34e-25d9-945c-54cffd9c46c2/Simpson (10)/1435066529256.jpg'>","Other","Placeholder","Dry",,"-3.9242391000000056,52.62052889999973"
"","5.0.2","","OBT bogs survey","","","10.316176849735628","","-1","MOTOROLA XT1068","","-26.852538674710168","54fad7bd-247c-464c-8a01-fb24e6577028.json","34.52885338665139","2015-06-11T13:25:32.029Z","","","_1s6ggrcff","obt (37)","Valley","<img src='https://dyfi.cobwebproject.eu/1.3/pcapi/records/local/2338e388-f34e-25d9-945c-54cffd9c46c2/obt (37)/1434029101145.jpg'>","Star moss,Sphagnum moss,Common Rush","731115","Dry",,"-3.8782284000000447,52.6868646999998"
"","5.0.2","","OBT bogs survey","","","12.103589544203775","","-1","MOTOROLA XT1068","","-23.1800398730954","54fad7bd-247c-464c-8a01-fb24e6577028.json","-122.41275400323289","2015-06-23T18:31:09.549Z","","","_99hvao2gi","Simpson (8)","Mountain","<img src='https://dyfi.cobwebproject.eu/1.3/pcapi/records/local/2338e388-f34e-25d9-945c-54cffd9c46c2/Simpson (8)/1435084260184.jpg'>","Other","Placeholder","Dry",,"-3.8892672000000426,52.63271019999982"
"","4.4.4","","OBT bogs survey","","","-21.028456860007804","","-1","MOTOROLA XT1068","","-12.41518192036611","54fad7bd-247c-464c-8a01-fb24e6577028.json","-154.43448400219356","2015-05-07T08:42:07.343Z","","","_np18jqm8b","now hillary (1)","Mountain","<img src='https://dyfi.cobwebproject.eu/1.3/pcapi/records/local/2338e388-f34e-25d9-945c-54cffd9c46c2/now hillary (1)/1430987895537.jpg'>","Sphagnum moss","793133","Wet","Na","-3.7866522200000357,52.704517979999764"
"","5.0.2","","OBT bogs survey","","","9.009945005879356","","-1","MOTOROLA XT1068","","-16.9543395201017","54fad7bd-247c-464c-8a01-fb24e6577028.json","110.38434008235521","2015-07-07T12:02:17.141Z","","","_at0rxv6wi","tenzing (2)","Valley","<img src='https://dyfi.cobwebproject.eu/1.3/pcapi/records/local/2338e388-f34e-25d9-945c-54cffd9c46c2/tenzing (2)/1436270518583.jpg'>","Sphagnum moss","Placeholder","Wet",,"-4.09544769999996,52.600402600000194"
"","5.0.2","","OBT bogs survey","","","4.346124500959983","","-1","MOTOROLA XT1068","","-20.851911837888608","54fad7bd-247c-464c-8a01-fb24e6577028.json","109.74327901742532","2015-06-21T11:58:19.763Z","","","_rrmz9jvxv","Kate m","Mountain","<img src='https://dyfi.cobwebproject.eu/1.3/pcapi/records/local/2338e388-f34e-25d9-945c-54cffd9c46c2/Kate m/1434887878864.jpg'>","Other","Tryfan","Dry",,"-3.9954050999999997,53.11868870000019"
